"Month","Longitude","Latitude","Location","Crime.type","postcode"
"2017-05",-5.740724,54.667087,"BRIDGE ROAD","Anti-social behaviour","BT449EG "
"2016-10",-7.094765,54.422169,"ALTNAVEAGH ROAD","Shoplifting","BT770EP "
"2015-08",-5.801894,54.59474,"UPPER NEWTOWNARDS ROAD","Other theft","BT43NW "
"2016-07",-6.677339,54.983432,"KILLYVALLY PARK","Anti-social behaviour","BT515LT "
"2017-03",-5.793656,54.502688,"OAKDALE","Violence and sexual offences","BT235TT "
"2015-03",-5.647995,54.405716,"COMBER ROAD","Violence and sexual offences","BT88AN "
"2017-11",-5.945344,54.584152,"ULSTERVILLE PLACE","Vehicle crime","BT97BH "
"2015-10",-6.516126,55.072376,"MARKET STREET","Violence and sexual offences","BT622BP "
"2017-03",-5.9372,54.62468,"GLANTANE DRIVE","Anti-social behaviour","BT153FE "
"2016-03",-7.306618,54.597563,"STARRS CRESCENT","Other theft","BT781LY "
"2016-01",-6.188583,54.71021,"FIRMOUNT DRIVE","Violence and sexual offences","BT411JN "
"2016-01",-7.278698,54.596313,"WINTERS GARDENS","Criminal damage and arson","BT790DZ "
"2015-02",-6.192257,54.509883,"WILLOW LODGE","Violence and sexual offences","BT282WL "
"2016-07",-5.925203,54.602102,"VICTORIA STREET","Anti-social behaviour","BT679DG "
"2017-10",-6.438555,54.426274,"FOUNDRY STREET","Drugs","BT635AB "
"2016-06",-6.661196,55.13642,"THE CRESCENT","Violence and sexual offences","BT522DS "
"2016-11",-6.610939,54.64522,"MAIN STREET","Violence and sexual offences","BT936HW "
"2016-02",-7.280293,55.004655,"AUGHLISH COURT","Anti-social behaviour","BT476JN "
"2016-12",-6.284773,54.863254,"GALGORM ROAD","Violence and sexual offences","BT421AA "
"2015-06",-5.940387,54.658131,"ANTRIM ROAD","Violence and sexual offences","BT152AH "
"2015-12",-5.841818,54.854309,"FAIRWAY","Vehicle crime","BT402BG "
"2015-10",-5.888816,54.597645,"NEWTOWNARDS ROAD","Anti-social behaviour","BT41AF "
"2017-07",-5.930261,54.598181,"DONEGALL PLACE","Violence and sexual offences","BT15AB "
"2015-10",-7.697657,54.665018,"AGHALOUGHER ROAD","Criminal damage and arson","BT817EX "
"2017-04",-6.693818,54.983448,"LYTTLESDALE","Burglary","BT515EA "
"2015-02",-6.074265,54.50709,"MOIRA ROAD","Drugs","BT282EJ "
"2015-07",-7.638743,54.354942,"YOAN ROAD","Anti-social behaviour","BT746EL "
"2015-04",-5.940605,54.600811,"FINGALS COURT","Criminal damage and arson","BT132DP "
"2017-05",-6.045402,54.511092,"MARKET SQUARE","Anti-social behaviour","BT414DN "
"2016-07",-6.454896,54.368742,"OLD MILL MANOR","Anti-social behaviour","BT622LY "
"2015-10",-5.919566,54.651899,"BAWNMORE GROVE","Criminal damage and arson","BT367BP "
"2017-12",-5.944106,54.589388,"COLCHESTER PARK","Anti-social behaviour","BT125PZ "
"2016-12",-7.306357,54.997639,"GLOUCESTER AVENUE","Anti-social behaviour","BT635DS "
"2017-02",-5.951641,54.609399,"DANUBE STREET","Violence and sexual offences","BT131RT "
"2017-02",-6.389743,54.44309,"PARKMORE","Violence and sexual offences","BT642AQ "
"2016-09",-6.600329,54.753272,"BEECHLAND PLACE","Violence and sexual offences","BT456BJ "
"2017-07",-5.8391,54.853892,"FAIRWAY","Anti-social behaviour","BT402BG "
"2017-06",-5.969735,54.60974,"GLENCAIRN CRESCENT","Other crime","BT133LX "
"2015-08",-5.940605,54.600811,"FINGALS COURT","Anti-social behaviour","BT132DP "
"2017-10",-5.764615,54.664214,"SEAHILL ROAD EAST","Violence and sexual offences","BT180DP "
"2015-05",-6.499493,54.76291,"BLACKPARK ROAD","Anti-social behaviour","BT413SL "
"2016-09",-6.001545,54.752966,"THE SQUARE","Other theft","BT717SG "
"2015-09",-5.944057,54.60326,"DOVER PLACE","Anti-social behaviour","BT132JG "
"2017-12",-5.943648,54.692653,"MANSE ROAD","Drugs","BT344BN "
"2017-12",-6.755118,54.483219,"HILLCREST PARK","Anti-social behaviour","BT717RH "
"2016-10",-6.432053,54.472235,"CHARLESTOWN ROAD","Vehicle crime","BT635PP "
"2015-08",-6.012049,54.568896,"HORN DRIVE","Anti-social behaviour","BT119GS "
"2016-04",-6.347065,54.174274,"POUND ROAD","Anti-social behaviour","BT456NR "
"2016-06",-6.01437,54.562834,"CLOONA PARK","Other theft","BT170HF "
"2016-03",-6.653657,54.345886,"DOBBIN STREET","Anti-social behaviour","BT617QQ "
"2017-04",-5.794552,54.590024,"INCHMARNOCK DRIVE","Drugs","BT162ND "
"2016-05",-5.928735,54.609953,"HARDINGE PLACE","Violence and sexual offences","BT152HX "
"2016-12",-5.937762,54.611437,"KINNAIRD TERRACE","Burglary","BT146BN "
"2016-12",-5.92741,54.665233,"CARMEEN DRIVE","Violence and sexual offences","BT379DJ "
"2017-01",-7.289145,54.988431,"PELHAM ROAD","Anti-social behaviour","BT476FF "
"2017-08",-6.00302,54.552422,"VICTORIA GARDENS","Public order","BT679AZ "
"2015-01",-5.935169,54.588355,"LISBURN ROAD","Anti-social behaviour","BT97GY "
"2016-11",-6.500783,55.071973,"GREENVILLE AVENUE","Other theft","BT537BJ "
"2016-08",-6.745695,54.411959,"MAIN STREET","Anti-social behaviour","BT936HW "
"2015-05",-5.955593,54.67688,"COOLEHILL PARK","Other crime","BT365AA "
"2016-02",-6.788563,54.506378,"MULLAGHMORE PARK","Violence and sexual offences","BT388RG "
"2015-11",-5.79255,54.587553,"ENLER EAST WALK","Anti-social behaviour","BT162PX "
"2015-08",-5.65937,54.6474,"BLOOMFIELD ROAD SOUTH","Violence and sexual offences","BT197HR "
"2016-11",-5.954681,54.588605,"ROCKVIEW STREET","Theft from the person","BT126JQ "
"2015-06",-6.688526,54.533283,"CANAL PLACE","Drugs","BT714RA "
"2016-07",-6.359345,54.436922,"WILLOWFIELD CRESCENT","Anti-social behaviour","BT655HQ "
"2015-10",-7.630614,54.340481,"DERRYCHARA ROAD","Shoplifting","BT746JF "
"2015-05",-5.918121,54.600758,"STATION STREET","Criminal damage and arson","BT39DA "
"2016-12",-5.90712,54.66553,"WOODLAND DRIVE","Violence and sexual offences","BT379SF "
"2016-09",-5.922687,54.59497,"FRIENDLY STREET","Criminal damage and arson","BT72HP "
"2016-03",-6.199582,54.708865,"THE WARREN","Anti-social behaviour","BT536TH "
"2016-12",-5.99491,54.750808,"BALLYNURE ROAD","Other theft","BT399AJ "
"2017-07",-6.456937,54.411956,"STRONGE COURT","Criminal damage and arson","BT623QX "
"2015-06",-5.891325,54.677485,"SHORE ROAD","Anti-social behaviour","BT413NW "
"2017-06",-7.333127,54.999325,"OAKFIELD CRESCENT","Vehicle crime","BT489BE "
"2016-10",-5.947764,54.603089,"SILVER BIRCH COURTS","Violence and sexual offences","BT132JJ "
"2017-04",-5.683816,54.595727,"ABBEY ROAD","Other theft","BT222DG "
"2015-06",-5.899545,54.400184,"DROMORE STREET","Anti-social behaviour","BT68PF "
"2015-06",-5.910804,54.563829,"SAINTFIELD ROAD","Shoplifting","BT88SG "
"2016-07",-7.608772,54.354381,"GLEBE PARK","Violence and sexual offences","BT744DB "
"2017-12",-5.928554,54.600102,"WINECELLAR ENTRY","Violence and sexual offences","BT11QN "
"2015-12",-5.931561,54.588715,"VERNON STREET","Violence and sexual offences","BT71EW "
"2017-09",-5.478383,54.487749,"VICTORIA ROAD","Anti-social behaviour","BT41QU "
"2017-08",-6.65232,55.203902,"DUNLUCE STREET","Drugs","BT401JG "
"2017-02",-6.028246,54.560123,"GLENWOOD CLOSE","Criminal damage and arson","BT170QP "
"2017-08",-7.356051,55.018743,"AILEACH ROAD","Other theft","BT480AZ "
"2016-07",-6.751535,54.636078,"WESTLAND ROAD SOUTH","Bicycle theft","BT808JN "
"2016-10",-7.326428,55.039108,"LOWER GALLIAGH ROAD","Violence and sexual offences","BT488LN "
"2015-04",-5.891714,54.203184,"CENTRAL PROMENADE","Violence and sexual offences","BT330EU "
"2015-01",-5.957841,54.584202,"OLYMPIA PARADE","Anti-social behaviour","BT126NT "
"2016-06",-6.009845,54.570343,"LENADOON AVENUE","Anti-social behaviour","BT119HD "
"2016-07",-6.682182,55.12913,"HAZELBANK MEWS","Violence and sexual offences","BT513HF "
"2016-02",-5.934292,54.600173,"BERRY STREET","Shoplifting","BT11FJ "
"2017-07",-5.922258,54.664425,"CARMEEN DRIVE","Burglary","BT379DJ "
"2015-01",-6.67212,55.131401,"THE DIAMOND","Violence and sexual offences","BT486PE "
"2016-04",-7.31301,54.376615,"SPOUT ROAD","Anti-social behaviour","BT750PD "
"2015-09",-5.981713,54.627308,"OLD MILL ROAD","Anti-social behaviour","BT636NL "
"2017-09",-6.73648,54.635617,"KILLYMOON ROAD","Drugs","BT808LA "
"2016-12",-5.92705,54.630005,"LANSDOWNE ROAD","Criminal damage and arson","BT475QT "
"2016-08",-6.340563,54.464949,"CHARLES STREET","Violence and sexual offences","BT666HG "
"2017-04",-5.932781,54.587541,"BOTANIC AVENUE","Burglary","BT71JL "
"2015-10",-7.310166,54.996008,"BONDS HILL","Anti-social behaviour","BT476DW "
"2015-04",-6.025524,54.576449,"HANNAHGLEN HEIGHTS","Anti-social behaviour","BT170NE "
"2017-11",-6.080696,54.523383,"RATHVARNA GARDENS","Anti-social behaviour","BT282UA "
"2016-08",-6.277404,54.859269,"QUEEN STREET","Anti-social behaviour","BT422BQ "
"2015-01",-6.270103,54.855939,"BROOKE PARK","Anti-social behaviour","BT423BL "
"2017-04",-6.196166,54.715552,"FOUNTAIN LANE","Anti-social behaviour","BT411LX "
"2017-07",-6.464706,54.421273,"LOUGHGALL ROAD","Anti-social behaviour","BT617NH "
"2016-05",-5.851079,54.258725,"DE COURCEY WAY","Anti-social behaviour","BT330NZ "
"2015-09",-5.793842,54.589122,"DALKEITH GARDENS","Criminal damage and arson","BT162NG "
"2017-07",-5.895581,54.530078,"SAINTFIELD ROAD","Other theft","BT88SG "
"2016-03",-7.133755,54.90858,"FAUGHANVIEW PARK","Other crime","BT474HQ "
"2015-04",-7.609472,54.358453,"BEECH HILL","Anti-social behaviour","BT744AQ "
"2016-11",-5.953779,54.676265,"GREENHILL ROAD","Vehicle crime","BT366JN "
"2015-02",-6.264728,54.351862,"BURNVIEW TERRACE","Other theft","BT324DJ "
"2017-03",-5.997968,54.580749,"AIRFIELD HEIGHTS","Violence and sexual offences","BT118QU "
"2016-03",-5.940447,54.641016,"DOWNVIEW PARK WEST","Drugs","BT155HP "
"2016-10",-5.941826,54.252636,"BURREN GROVE","Anti-social behaviour","BT319EE "
"2016-11",-6.693859,54.541382,"INNISHMORE PARK","Public order","BT714RH "
"2016-04",-5.781476,54.725381,"ST. COLMANS CRESCENT","Anti-social behaviour","BR925BN "
"2017-02",-6.941795,55.040395,"GLENVIEW DRIVE","Violence and sexual offences","BT490RZ "
"2016-06",-6.065344,54.509966,"BALLINDERRY ROAD","Violence and sexual offences","BT282SA "
"2017-04",-6.786481,54.507336,"MULLAGHMORE PARK","Criminal damage and arson","BT388RG "
"2015-03",-5.928127,54.591757,"ERIN WAY","Anti-social behaviour","BT71AZ "
"2015-02",-5.96233,54.587243,"RODNEY PARADE","Anti-social behaviour","BT126EE "
"2017-01",-6.016387,54.377514,"RATHFRILAND ROAD","Other theft","BT341LD "
"2017-02",-7.459788,54.514539,"FAIRVIEW GARDENS","Violence and sexual offences","BT783DP "
"2015-04",-6.529092,54.260642,"OAKFIELD ROAD","Violence and sexual offences","BT489BB "
"2016-09",-5.686568,54.645955,"MEADOWVALE CRESCENT","Shoplifting","BT191HQ "
"2016-02",-5.931611,54.689905,"BALLYFORE GARDENS","Public order","BT366XY "
"2017-08",-6.513391,54.392324,"DOBBIN ROAD","Anti-social behaviour","BT624EZ "
"2016-03",-5.940372,54.5852,"ELMWOOD AVENUE","Criminal damage and arson","BT96AZ "
"2015-10",-6.443918,54.417305,"THOMAS STREET","Robbery","BT701HN "
"2016-06",-5.949771,54.665658,"ELMFIELD AVENUE","Vehicle crime","BT367RS "
"2015-07",-6.314462,54.449673,"BOWENS MANOR","Anti-social behaviour","BT667RT "
"2015-05",-6.142229,54.414576,"MOSSVALE ROAD","Other theft","BT364TT "
"2016-04",-6.001719,54.552787,"STATION VIEW","Anti-social behaviour","BT170AE "
"2015-04",-5.895581,54.530078,"SAINTFIELD ROAD","Other theft","BT88SG "
"2015-12",-5.851599,54.585893,"KILHORNE GARDENS","Anti-social behaviour","BT56NT "
"2015-09",-5.93075,54.60014,"BERRY STREET","Violence and sexual offences","BT11FJ "
"2017-12",-7.03049,55.041619,"RIVERVIEW","Anti-social behaviour","BT499QP "
"2017-10",-5.938663,54.60403,"SHANKILL TERRACE","Anti-social behaviour","BT131EN "
"2016-12",-6.736258,54.620324,"TULLYWIGGAN COTTAGES","Anti-social behaviour","BT808SF "
"2015-10",-6.06146,54.530677,"HADDINGTON HILL","Violence and sexual offences","BT283AU "
"2017-06",-6.029035,54.560432,"GLENWOOD COURT","Other theft","BT283UD "
"2017-03",-7.638979,54.35435,"FOXHILL CLOSE","Other crime","BT746EF "
"2015-06",-7.353784,55.01485,"INCH VIEW","Anti-social behaviour","BT480QS "
"2017-08",-5.872428,54.577761,"BALLYGOWAN ROAD","Shoplifting","BT235PG "
"2015-02",-5.928906,54.587376,"CROMWELL ROAD","Burglary","BT71JW "
"2017-12",-5.963616,54.674895,"MOYOLA PARK","Violence and sexual offences","BT365ER "
"2016-08",-5.646106,54.352105,"ARDCUAN PARK","Vehicle crime","BT307HX "
"2016-01",-7.181715,55.019033,"BROOKVIEW GLEN","Other theft","BT473GW "
"2015-06",-5.828612,54.852564,"RUGBY TERRACE","Anti-social behaviour","BT401SG "
"2017-11",-7.633845,54.471479,"ROUNDABOUT","Other crime","BR925BN "
"2015-05",-5.933066,54.591086,"DUBLIN ROAD","Anti-social behaviour","BT358QP "
"2016-06",-7.466171,54.822293,"BALLYCOLMAN AVENUE","Drugs","BT829AF "
"2016-08",-6.668537,54.693436,"FAIRHILL","Criminal damage and arson","BT457LJ "
"2015-03",-6.652293,54.345754,"DOBBIN STREET","Violence and sexual offences","BT617QQ "
"2017-05",-6.611977,54.751933,"MONEYMORE ROAD","Anti-social behaviour","BT808EH "
"2017-04",-7.593242,54.707903,"MEETINGHOUSE LANE","Violence and sexual offences","BT817BQ "
"2016-09",-5.983993,54.616286,"GLENCAIRN WAY","Violence and sexual offences","BT133TD "
"2017-06",-5.7042,54.319968,"ST. DYMPNAS AVENUE","Anti-social behaviour","BR925BN "
"2017-06",-6.447077,54.42218,"WEST STREET","Violence and sexual offences","BT389HR "
"2016-12",-7.170082,54.604232,"DRUMNAKILLY ROAD","Anti-social behaviour","BT799PU "
"2015-07",-6.689358,54.446048,"CHARLEMONT STREET","Other theft","BT717SL "
"2017-09",-6.268694,54.350832,"BRIDGE STREET","Violence and sexual offences","BT281XZ "
"2016-10",-6.664736,55.148757,"ELMS PARK","Criminal damage and arson","BT522QE "
"2017-08",-5.537015,54.638826,"KILLAUGHEY ROAD","Anti-social behaviour","BT210BE "
"2017-02",-7.334426,55.021797,"THE HAWTHORNES","Violence and sexual offences","BR925BN "
"2015-07",-5.48814,54.540045,"DEMESNE DRIVE","Anti-social behaviour","BT222UJ "
"2017-08",-5.926442,54.584423,"RUGBY AVENUE","Violence and sexual offences","BT203PZ "
"2017-02",-6.019406,54.557822,"GLASVEY RISE","Anti-social behaviour","BT170DZ "
"2016-12",-6.77083,54.504142,"IRISH STREET","Anti-social behaviour","BT701DB "
"2015-05",-7.536925,54.475197,"MOORFIELD TERRACE","Violence and sexual offences","BT783TU "
"2015-09",-6.523908,54.753318,"AUGHRIM ROAD","Violence and sexual offences","BT344HR "
"2017-04",-7.269429,54.97643,"GLENSHANE ROAD","Anti-social behaviour","BT473SF "
"2015-03",-6.666072,54.696706,"ROCKVIEW PARK","Criminal damage and arson","BT457UH "
"2016-10",-5.925144,54.610853,"BENTINCK STREET","Shoplifting","BT151LZ "
"2015-02",-5.934882,54.589437,"DONEGALL ROAD","Violence and sexual offences","BT126HN "
"2017-05",-6.274224,54.85315,"LETTERCREEVE","Shoplifting","BT422EU "
"2016-06",-6.063365,54.242664,"CONVENT ROAD","Violence and sexual offences","BT604BG "
"2016-09",-6.2771,54.866407,"HIGH STREET","Other theft","BT248AB "
"2016-12",-6.682902,55.127251,"KYLEMORE ROAD","Criminal damage and arson","BT513HG "
"2016-10",-7.681763,54.668265,"CRILLY PARK","Vehicle crime","BT817DX "
"2017-04",-5.467971,54.494397,"THE MOATLANDS","Anti-social behaviour","BT221TH "
"2016-07",-7.330477,55.018596,"BALLINISKA ROAD","Anti-social behaviour","BT480LY "
"2017-10",-5.869229,54.598739,"BELMONT GRANGE","Other theft","BT42AF "
"2017-06",-5.983098,54.625597,"LIGONIEL ROAD","Anti-social behaviour","BT148DT "
"2015-09",-6.075844,54.517196,"RUSHMORE CRESCENT","Criminal damage and arson","BT282HP "
"2015-11",-5.965834,54.674249,"DERRYMORE AVENUE","Violence and sexual offences","BT367AA "
"2015-01",-5.491557,54.54026,"GREYABBEY ROAD","Public order","BT222NY "
"2017-04",-6.332204,54.4623,"MARKET STREET","Other crime","BT622BP "
"2016-12",-6.192086,54.69321,"ABBEY GARDENS","Drugs","BT57HL "
"2015-05",-5.791121,54.740976,"PLANTATION AVENUE","Anti-social behaviour","BT389BJ "
"2015-11",-6.789846,55.163133,"THE FAIRWAYS","Other theft","BT623FR "
"2017-10",-6.673009,55.130584,"FERRYQUAY PLACE","Violence and sexual offences","BT521DF "
"2016-01",-6.412067,54.430664,"OLD LURGAN ROAD","Criminal damage and arson","BT635SQ "
"2016-09",-7.175374,55.02403,"MADISON AVENUE","Anti-social behaviour","BT473PW "
"2017-03",-6.48002,54.356321,"MARKETHILL ROAD","Vehicle crime","BT623SL "
"2015-09",-5.948683,54.594964,"RODEN STREET","Violence and sexual offences","BT125DL "
"2017-06",-6.024674,54.571313,"COLINVALE","Anti-social behaviour","BT170JN "
"2017-09",-5.697548,54.649605,"DRUMAWHEY GARDENS","Anti-social behaviour","BT191SR "
"2015-02",-6.396198,54.357185,"OLD GILFORD ROAD","Anti-social behaviour","BT622DW "
"2017-11",-5.617972,54.673558,"SPRINGWELL AVENUE","Anti-social behaviour","BT196LA "
"2015-09",-6.177892,54.719187,"SUFFOLK SQUARE","Criminal damage and arson","BT412SZ "
"2015-09",-7.649359,54.345478,"WHALEY TERRACE","Anti-social behaviour","BT747JU "
"2016-07",-5.956434,54.596856,"MALCOLMSON STREET","Anti-social behaviour","BT132RG "
"2017-05",-5.89141,54.208858,"POST OFFICE LANE","Drugs","BT330DH "
"2017-10",-6.486815,54.87275,"CLADY ROAD","Anti-social behaviour","BT440QD "
"2016-03",-5.896888,54.595054,"AVONIEL ROAD","Violence and sexual offences","BT54SE "
"2016-09",-6.023766,54.519132,"HILDEN COURT","Anti-social behaviour","BT274YL "
"2016-09",-7.134953,54.909397,"FAUGHANVIEW PARK","Criminal damage and arson","BT474HQ "
"2016-01",-6.267073,54.344016,"BELMONT VIEW","Violence and sexual offences","BR925BN "
"2017-06",-7.459043,54.513709,"MAIN STREET","Anti-social behaviour","BT936HW "
"2016-04",-5.938485,54.618871,"ANTRIM ROAD","Other crime","BT152AH "
"2016-07",-5.94215,54.613443,"MANOR CLOSE","Violence and sexual offences","BT146DJ "
"2017-04",-6.751259,54.646101,"PARKMOUNT","Anti-social behaviour","BT808AY "
"2015-06",-6.015885,54.380884,"LAGAN HEIGHTS","Anti-social behaviour","BT252LH "
"2016-04",-6.384333,54.87602,"BALLYCONNELLY ROAD","Anti-social behaviour","BT421EW "
"2016-11",-6.545731,54.374246,"ELM PARK","Anti-social behaviour","BT457SJ "
"2015-01",-6.290601,54.434747,"CAMBRAI DRIVE","Anti-social behaviour","BT667QT "
"2016-02",-6.505699,55.075321,"CLONEEN DRIVE","Criminal damage and arson","BT536PT "
"2016-01",-5.927095,54.60262,"HILL STREET","Burglary","BT12LB "
"2016-12",-5.948198,54.253472,"O'DONNELL HEIGHTS","Burglary","BT319RZ "
"2017-07",-6.487183,54.396625,"THE OAKS","Anti-social behaviour","BT238GZ "
"2015-04",-5.987608,54.577235,"COMMEDAGH DRIVE","Violence and sexual offences","BT118GH "
"2017-07",-5.958419,54.610071,"LEOPOLD PLACE","Other crime","BT133HA "
"2017-05",-6.443011,54.420932,"THOMAS STREET","Violence and sexual offences","BT701HN "
"2017-02",-5.898782,54.403657,"CHURCH LANE","Drugs","BT14QN "
"2017-01",-5.927012,54.601819,"HILL STREET","Anti-social behaviour","BT12LB "
"2015-10",-6.241167,54.401099,"IVEAGH AVENUE","Violence and sexual offences","BT251GY "
"2015-06",-5.660533,54.661673,"HAMILTON ROAD","Criminal damage and arson","BT204LE "
"2017-06",-5.667482,54.660513,"CASTLE STREET","Anti-social behaviour","BT307QQ "
"2017-04",-5.999062,54.754506,"CAMERON COURT","Shoplifting","BT399UZ "
"2017-01",-5.549494,54.330987,"ARDGLASS ROAD","Drugs","BT306JQ "
"2016-03",-6.262195,54.351753,"BURN BRAE","Violence and sexual offences","BT221LZ "
"2017-10",-5.95075,54.585852,"ULSTERVILLE GARDENS","Other theft","BT97BB "
"2015-06",-6.603646,54.757524,"STATION ROAD","Criminal damage and arson","BT41RF "
"2016-07",-5.953156,54.599577,"CLONARD COURT","Anti-social behaviour","BT132SZ "
"2015-09",-5.933062,54.602452,"NORTH STREET","Violence and sexual offences","BT341DB "
"2015-08",-7.030191,54.464206,"KNOCK CRESCENT","Anti-social behaviour","BT702JN "
"2017-09",-6.093187,54.514218,"BALLINDERRY ROAD","Other theft","BT282SA "
"2016-08",-5.92591,54.598233,"VICTORIA SQUARE","Violence and sexual offences","BT14QG "
"2017-01",-5.933314,54.588629,"BOTANIC AVENUE","Anti-social behaviour","BT71JL "
"2017-12",-6.341752,54.176915,"MONAGHAN STREET","Violence and sexual offences","BT356AA "
"2016-09",-5.928591,54.584756,"CARMEL STREET","Anti-social behaviour","BT71QE "
"2017-03",-5.806112,54.851953,"TOWER ROAD","Violence and sexual offences","BT237PN "
"2016-04",-5.9359,54.686079,"FORTHILL GARDENS","Criminal damage and arson","BT366QT "
"2015-02",-6.07517,54.523313,"EDENVALE GARDENS","Anti-social behaviour","BT282UT "
"2016-09",-6.22186,54.705735,"CEDARMOUNT","Anti-social behaviour","BT414HA "
"2016-12",-5.837472,54.851428,"LORAN ROAD","Burglary","BT402BX "
"2015-11",-6.696114,54.547704,"LISNASTRANE HEIGHTS","Vehicle crime","BT714PR "
"2016-02",-5.676548,54.655647,"CHURCH STREET","Criminal damage and arson","BT343HN "
"2016-06",-5.711566,54.316316,"GLEBETOWN DRIVE","Anti-social behaviour","BT306QB "
"2016-05",-6.008579,54.06199,"KNOCKCHREE AVENUE","Violence and sexual offences","BT344BP "
"2017-01",-6.275941,54.865456,"WELLINGTON STREET","Anti-social behaviour","BT436AH "
"2017-06",-5.960566,54.63026,"MEYRICK PARK","Violence and sexual offences","BT146PD "
"2017-11",-6.147749,54.411741,"LAGANVALE","Anti-social behaviour","BT251BT "
"2017-03",-5.700116,54.650786,"INISHARGIE GARDENS","Anti-social behaviour","BT191SN "
"2017-08",-6.307756,54.517287,"GRAVEL LANE","Anti-social behaviour","BT670AZ "
"2016-12",-5.941976,54.581301,"EGLANTINE AVENUE","Criminal damage and arson","BT96EU "
"2016-08",-7.289145,54.988431,"PELHAM ROAD","Anti-social behaviour","BT476FF "
"2017-10",-6.020538,54.550077,"THORNHILL HOUSE","Criminal damage and arson","BR925BN "
"2016-02",-6.025042,54.57521,"SUFFOLK RISE","Anti-social behaviour","BT119RE "
"2017-06",-5.942211,54.600874,"FINN SQUARE","Criminal damage and arson","BT132HU "
"2015-05",-6.669696,55.131689,"NEW ROW","Anti-social behaviour","BT521AF "
"2017-07",-6.46174,54.859085,"LARGY ROAD","Anti-social behaviour","BT448BY "
"2016-09",-7.341929,55.030533,"WOODBROOK","Violence and sexual offences","BT488FQ "
"2015-01",-6.950542,55.050469,"MARKET STREET","Shoplifting","BT622BP "
"2015-06",-5.903232,54.589045,"WILLOWFIELD PARADE","Anti-social behaviour","BT68HQ "
"2017-08",-5.871806,54.697001,"GLASSILLAN GROVE","Anti-social behaviour","BT388TB "
"2017-11",-6.715066,55.172303,"WESTMINSTER PARK","Criminal damage and arson","BT557JD "
"2015-04",-7.613874,54.354874,"LOANE DRIVE","Violence and sexual offences","BT744EG "
"2017-11",-5.930334,54.599189,"CASTLE STREET","Possession of weapons","BT307QQ "
"2016-11",-5.928741,54.597032,"DONEGALL SQUARE EAST","Violence and sexual offences","BT15HD "
"2016-08",-6.673477,54.345477,"MULLACREEVIE PARK","Anti-social behaviour","BT604BA "
"2016-12",-5.938064,54.626878,"ANTRIM ROAD","Other theft","BT152AH "
"2017-05",-6.277404,54.859269,"QUEEN STREET","Violence and sexual offences","BT422BQ "
"2017-04",-6.459536,54.752643,"STATION PARK","Anti-social behaviour","BT309FB "
"2017-10",-5.950073,54.586703,"DUNLUCE AVENUE","Anti-social behaviour","BT97AW "
"2016-09",-6.418294,54.425436,"OAKTREE MEWS","Burglary","BT635TJ "
"2015-04",-7.28769,54.994701,"RICHILL PARK","Vehicle crime","BT475QY "
"2017-06",-5.717826,54.327056,"MARKET STREET","Anti-social behaviour","BT622BP "
"2015-05",-5.70615,54.588506,"TOWER COURT","Other crime","BT234FW "
"2017-12",-5.979949,54.581348,"FALLS ROAD","Shoplifting","BT119AB "
"2016-07",-5.803671,54.850732,"CURRAN ROAD","Anti-social behaviour","BT401BU "
"2015-05",-5.673962,54.660764,"CENTRAL AVENUE","Violence and sexual offences","BT203AF "
"2017-12",-5.546174,54.381798,"THE SQUARE","Violence and sexual offences","BT717SG "
"2016-09",-6.206758,54.713949,"CRAIGMORE PARK","Anti-social behaviour","BT411DR "
"2016-09",-5.90041,54.590964,"EUSTON STREET","Violence and sexual offences","BT69AF "
"2015-05",-5.92641,54.601179,"HILL STREET","Violence and sexual offences","BT12LB "
"2016-05",-6.754013,54.638601,"WESTBURY CRESCENT","Other theft","BT808WA "
"2016-02",-6.272573,54.860808,"EDWARD STREET","Criminal damage and arson","BT666DD "
"2017-02",-5.935169,54.588355,"LISBURN ROAD","Violence and sexual offences","BT97GY "
"2015-10",-5.872153,54.595493,"KERRSLAND PARADE","Shoplifting","BT56EP "
"2016-02",-5.922456,54.585226,"FARNHAM STREET","Criminal damage and arson","BT72FN "
"2017-05",-6.936514,55.0437,"DRUMACHOSE PARK","Anti-social behaviour","BT490NZ "
"2017-11",-5.925476,54.611325,"BENTINCK STREET","Anti-social behaviour","BT151LZ "
"2015-09",-5.744781,54.829192,"BALLYTOBER ROAD","Other theft","BT578UU "
"2017-07",-7.30036,55.018983,"GLENEAGLES","Violence and sexual offences","BT449PQ "
"2016-01",-6.671032,55.129224,"UPPER ABBEY STREET","Violence and sexual offences","BT521BF "
"2016-10",-6.657806,55.14727,"KENBANE AVENUE","Anti-social behaviour","BT522QN "
"2017-02",-5.920936,54.606863,"CLARENDON ROAD","Drugs","BT13BG "
"2017-07",-6.333546,54.179102,"SANDYS STREET","Criminal damage and arson","BT341EN "
"2016-09",-6.360045,54.367292,"PINE VIEW COURT","Anti-social behaviour","BT636AY "
"2017-12",-5.930154,54.597254,"DONEGALL SQUARE NORTH","Violence and sexual offences","BT15GB "
"2017-05",-5.489474,54.542481,"MEADOW PARK","Other theft","BT557ST "
"2016-03",-6.339843,54.459494,"JAMES STREET","Bicycle theft","BT781AP "
"2016-10",-5.933011,54.599199,"QUEEN STREET","Violence and sexual offences","BT422BQ "
"2016-10",-5.904024,54.230068,"TOLLYMORE ROAD","Violence and sexual offences","BT330JN "
"2015-08",-7.473038,54.809918,"MELMOUNT ROAD","Criminal damage and arson","BT829PY "
"2015-07",-5.906541,54.593901,"THE MOUNT","Other theft","BT54NA "
"2015-06",-5.884778,54.595238,"WYNFORD STREET","Criminal damage and arson","BT55DD "
"2017-09",-6.01931,54.572223,"OLD SUFFOLK ROAD","Violence and sexual offences","BT119PL "
"2015-03",-7.322244,54.996974,"WATERLOO STREET","Violence and sexual offences","BT486HE "
"2015-08",-6.004328,54.75798,"ERSKINE PARK","Violence and sexual offences","BT399BY "
"2015-07",-6.65804,55.193994,"GLENDUN CLOSE","Drugs","BT568BY "
"2015-06",-6.283719,54.861308,"TULLYMORE PARK","Criminal damage and arson","BT422AU "
"2017-04",-5.525565,54.487539,"RECTORY PARK","Violence and sexual offences","BT666HP "
"2017-10",-6.025117,54.518983,"HILDEN COURT","Criminal damage and arson","BT274YL "
"2017-08",-7.608182,54.353436,"LACKABOY VIEW","Violence and sexual offences","BT744DY "
"2017-05",-5.934292,54.600173,"BERRY STREET","Anti-social behaviour","BT11FJ "
"2015-06",-6.029115,54.579589,"HAWTHORN VIEW","Anti-social behaviour","BT170RN "
"2015-02",-5.924925,54.599348,"UPPER CHURCH LANE","Violence and sexual offences","BT635JE "
"2015-03",-5.787808,54.65358,"BALLYGRAINEY ROAD","Vehicle crime","BT180HE "
"2016-05",-6.168122,54.235892,"CHAPEL FIELDS","Violence and sexual offences","BT345AG "
"2017-09",-6.284773,54.863254,"GALGORM ROAD","Anti-social behaviour","BT421AA "
"2015-06",-7.276048,55.046822,"ARDANLEE","Violence and sexual offences","BT488RR "
"2016-02",-6.652495,54.347104,"SCOTCH STREET","Anti-social behaviour","BT306AN "
"2017-08",-5.92705,54.630005,"LANSDOWNE ROAD","Anti-social behaviour","BT475QT "
"2017-05",-6.218148,54.620885,"CIDERCOURT ROAD","Criminal damage and arson","BT294RX "
"2016-08",-5.714656,54.332379,"DRUMCLOON WALK","Burglary","BT306HF "
"2015-09",-6.007855,54.540129,"WILLOW COURT","Anti-social behaviour","BT522RD "
"2016-08",-6.67719,54.848229,"CRAWFORDSBURN","Vehicle crime","BT465AH "
"2015-05",-5.787245,54.732603,"BLUEFIELD ROAD","Violence and sexual offences","BT387XE "
"2016-01",-5.543164,54.638079,"BEECHFIELD DRIVE","Anti-social behaviour","BT210BA "
"2016-11",-5.917791,54.654492,"LONGWOOD ROAD","Shoplifting","BT379UH "
"2017-03",-6.262112,54.452013,"NEW FORGE ROAD","Burglary","BT670QJ "
"2015-01",-7.329604,54.999736,"CREGGAN ROAD","Criminal damage and arson","BT799BL "
"2015-05",-7.463257,54.827365,"RAILWAY STREET","Violence and sexual offences","BT617HP "
"2015-07",-6.687784,54.978317,"KURIN ROAD","Anti-social behaviour","BT515NT "
"2016-11",-6.329504,54.746061,"THE GABLES","Anti-social behaviour","BT413JY "
"2016-09",-5.961546,54.603546,"AINSWORTH AVENUE","Violence and sexual offences","BT133EP "
"2016-07",-5.969975,54.58907,"ROCKMOUNT STREET","Burglary","BT127PE "
"2017-07",-5.858941,54.898225,"GRACE AVENUE","Anti-social behaviour","BT55JH "
"2016-01",-6.276436,54.860423,"JAMES STREET","Violence and sexual offences","BT781AP "
"2016-08",-5.772751,54.730469,"COPELAND ROAD","Criminal damage and arson","BT387NW "
"2016-07",-5.944057,54.60326,"DOVER PLACE","Anti-social behaviour","BT132JG "
"2017-02",-5.810062,54.64809,"BANGOR ROAD","Anti-social behaviour","BT237PH "
"2015-11",-5.904037,54.590533,"JOCELYN STREET","Other theft","BT68HL "
"2015-08",-6.081592,54.518779,"WOODLANDS MEWS","Anti-social behaviour","BT282XS "
"2015-04",-5.907632,54.547574,"BEECHILL PARK AVENUE","Violence and sexual offences","BT87PR "
"2016-06",-6.054394,54.501569,"WOODLAND PARK","Violence and sexual offences","BT274PF "
"2017-09",-5.930271,54.548566,"ARCHDALE DRIVE","Anti-social behaviour","BT87RF "
"2017-04",-5.96098,54.59289,"DAIRY STREET","Anti-social behaviour","BT57GJ "
"2015-02",-5.923546,54.551946,"CASTLEDILLON ROAD","Shoplifting","BT87BH "
"2016-05",-6.330078,54.181174,"WINDSOR HILL","Criminal damage and arson","BT667FZ "
"2017-05",-7.465146,54.823322,"CHESTNUT PARK","Criminal damage and arson","BT170JX "
"2016-03",-5.892469,54.676948,"SHORE ROAD","Other theft","BT413NW "
"2016-11",-5.921065,54.65046,"BAWNMORE PARK","Anti-social behaviour","BT367BQ "
"2016-11",-6.032555,54.560858,"GLENKEEN","Criminal damage and arson","BT413JX "
"2017-08",-5.981574,54.556621,"DE BEERE COURT","Anti-social behaviour","BT100DF "
"2015-08",-7.34737,55.028667,"TEMPLE COURT","Shoplifting","BT488DR "
"2016-09",-6.233804,54.484208,"CASTLE AVENUE","Anti-social behaviour","BT670NH "
"2015-11",-7.007656,55.043968,"KINGS LANE","Anti-social behaviour","BT499JY "
"2015-09",-6.425104,54.431481,"LURGAN ROAD","Other theft","BT635BJ "
"2015-06",-5.989392,54.592503,"NORGLEN COURT","Violence and sexual offences","BT118EQ "
"2016-06",-6.33856,54.178201,"EDWARD STREET","Anti-social behaviour","BT666DD "
"2017-08",-5.938026,54.615691,"ALLWORTHY AVENUE","Anti-social behaviour","BT146BU "
"2015-09",-5.662538,54.645134,"BALLYVESTER GROVE","Anti-social behaviour","BT197RL "
"2016-03",-6.267193,54.34701,"RATHFRILAND STREET","Shoplifting","BT323LA "
"2015-05",-5.919741,54.585997,"BALFOUR AVENUE","Anti-social behaviour","BT72EW "
"2015-08",-5.912762,54.565157,"SAINTFIELD ROAD","Anti-social behaviour","BT88SG "
"2017-12",-7.322511,54.996849,"WATERLOO STREET","Violence and sexual offences","BT486HE "
"2016-02",-5.538949,54.636304,"CYPRESS PARK","Anti-social behaviour","BT449LY "
"2016-07",-5.934694,54.599272,"DIVIS STREET","Anti-social behaviour","BT124JP "
"2015-12",-6.328232,54.469693,"ANTRIM CLOSE","Violence and sexual offences","BT155GY "
"2016-10",-5.926512,54.597057,"MONTGOMERY STREET","Drugs","BT14NX "
"2016-11",-6.274331,54.859755,"WARING STREET","Anti-social behaviour","BT424BU "
"2016-12",-5.661448,54.646299,"SKIPPERSTONE DRIVE","Anti-social behaviour","BT197HU "
"2016-03",-5.985128,54.585172,"UPTON COURT","Anti-social behaviour","BT118EU "
"2015-06",-6.21334,54.597041,"GOBRANA ROAD","Other theft","BT294LQ "
"2015-10",-6.681275,55.114801,"SOMERSET PARK","Criminal damage and arson","BT513LH "
"2017-01",-5.84594,54.589054,"KINGS SQUARE","Anti-social behaviour","BT57EA "
"2015-09",-6.740384,54.650615,"BEECHWAY","Anti-social behaviour","BT808LG "
"2015-05",-6.037898,54.506577,"HILLSBOROUGH OLD ROAD","Other theft","BT275QE "
"2017-02",-5.904115,54.573049,"MOUNT MERRION AVENUE","Anti-social behaviour","BT60FN "
"2016-01",-6.272573,54.860808,"EDWARD STREET","Criminal damage and arson","BT666DD "
"2016-11",-6.65572,54.351012,"UPPER ENGLISH STREET","Violence and sexual offences","BT617BA "
"2016-11",-5.642599,54.657947,"DOROTHY AVENUE","Public order","BT204PG "
"2016-12",-5.93528,54.58585,"UNIVERSITY SQUARE MEWS","Anti-social behaviour","BT71JU "
"2015-01",-6.057348,54.594763,"TORNAROY ROAD","Drugs","BT170ND "
"2017-06",-6.677042,55.128122,"KYLES BRAE","Anti-social behaviour","BT513BU "
"2017-06",-6.015465,54.570201,"SUFFOLK ROAD","Criminal damage and arson","BT119PE "
"2016-09",-5.901231,54.594249,"TEMPLEMORE AVENUE","Criminal damage and arson","BT54FX "
"2017-08",-5.886644,54.589988,"GLENHOY DRIVE","Violence and sexual offences","BT55LB "
"2015-02",-5.950814,54.561477,"PINEY HILLS","Criminal damage and arson","BT95NR "
"2016-09",-5.661207,54.647255,"SKIPPERSTONE PARK","Anti-social behaviour","BT197HP "
"2017-12",-5.674006,54.636126,"ENTERPRISE COURT","Other theft","BT197TU "
"2015-05",-5.914158,54.670648,"HEATHER PARK","Burglary","BT399EL "
"2016-08",-5.748199,54.549589,"HIGH STREET COURT","Violence and sexual offences","BT235QE "
"2015-02",-5.928439,54.613038,"GLENROSA STREET","Anti-social behaviour","BT152JB "
"2015-07",-5.999771,54.745785,"MILLVIEW DRIVE","Criminal damage and arson","BT399YB "
"2015-11",-5.94628,54.610117,"SHANNON COURT","Anti-social behaviour","BT146DN "
"2017-03",-6.761183,54.512758,"DUNLEA VALE","Other theft","BT714BA "
"2016-01",-5.941305,54.614219,"CLIFTONPARK COURT","Violence and sexual offences","BT146DY "
"2015-10",-6.15469,54.409143,"CASTLE WOOD","Anti-social behaviour","BT251FD "
"2017-01",-7.325289,54.382326,"GREENFIELD","Anti-social behaviour","BT750RZ "
"2015-06",-7.320455,54.991871,"CARLISLE ROAD","Anti-social behaviour","BT152PT "
"2017-06",-6.291108,54.348132,"OAK GROVE","Violence and sexual offences","BT323GT "
"2016-11",-5.937749,54.582001,"WELLESLEY AVENUE","Drugs","BT96DG "
"2017-08",-5.936683,54.615614,"PONSONBY AVENUE","Criminal damage and arson","BT152LS "
"2017-09",-5.905306,54.590222,"JOCELYN STREET","Vehicle crime","BT68HL "
"2017-11",-7.305876,54.599319,"JOHN STREET","Anti-social behaviour","BT486JY "
"2015-01",-7.753804,54.282771,"BLUNNICK ROAD","Other theft","BT921AF "
"2017-04",-5.930121,54.631433,"LANSDOWNE ROAD","Anti-social behaviour","BT475QT "
"2017-09",-7.330139,55.029517,"GALLIAGH PARK","Anti-social behaviour","BT488DE "
"2016-12",-5.978141,54.580374,"BLACKSTAFF ROAD","Anti-social behaviour","BT119DT "
"2016-04",-5.957168,54.617112,"JAMAICA ROAD","Anti-social behaviour","BT147QW "
"2016-07",-6.032912,54.04388,"ST. COLUMBAS VILLAS","Anti-social behaviour","BT344JS "
"2016-05",-6.252028,54.099227,"GREAT GEORGES STREET SOUTH","Violence and sexual offences","BT343NF "
"2015-06",-6.380637,54.448458,"ENNISKEEN","Anti-social behaviour","BT654AB "
"2017-11",-5.93264,54.600091,"CHAPEL LANE","Anti-social behaviour","BT319PQ "
"2016-04",-5.928221,54.608794,"EARL CLOSE","Shoplifting","BT151DF "
"2015-12",-6.65307,55.196095,"GLENVALE AVENUE","Anti-social behaviour","BT568HL "
"2016-12",-7.318992,54.995249,"NEWMARKET STREET","Shoplifting","BT486EB "
"2015-01",-6.272986,54.867893,"BROUGHSHANE STREET","Violence and sexual offences","BT436EE "
"2015-04",-5.972904,54.687306,"FERNRIDGE ROAD","Anti-social behaviour","BT365SP "
"2017-01",-5.98569,54.611067,"WESTWAY CRESCENT","Violence and sexual offences","BT133NU "
"2016-06",-5.874324,54.609665,"INVERNOOK PARK","Criminal damage and arson","BT41RL "
"2016-01",-5.744079,54.549746,"GILLESPIE COURT","Anti-social behaviour","BT235GL "
"2016-06",-5.689249,54.644586,"MEADOWVALE","Anti-social behaviour","BT667RL "
"2016-12",-6.600538,54.748109,"MEADOWBANK DRIVE","Burglary","BT456EQ "
"2015-02",-6.417434,54.422558,"QUEENS WALK","Anti-social behaviour","BT668DB "
"2017-01",-6.682174,55.126515,"KYLEMORE ROAD","Violence and sexual offences","BT513HG "
"2017-12",-5.933747,54.589552,"DONEGALL PASS","Drugs","BT71DQ "
"2016-09",-5.988569,54.761224,"BALLYCORR ROAD","Other theft","BT399DD "
"2015-08",-5.975689,54.620765,"GLENSIDE PARK","Violence and sexual offences","BT148BG "
"2016-12",-6.600515,54.560821,"MOUNTJOY ROAD","Burglary","BT715DY "
"2016-08",-6.738264,54.651519,"BEECHWAY","Violence and sexual offences","BT808LG "
"2016-05",-5.909438,54.552754,"LENAGHAN PARK","Burglary","BT87JB "
"2015-06",-5.674294,54.648172,"SOUTH AVENUE","Anti-social behaviour","BT204DU "
"2017-08",-5.934694,54.599272,"DIVIS STREET","Drugs","BT124JP "
"2017-11",-5.975951,54.621417,"GLENBANK PLACE","Other theft","BT148AN "
"2015-04",-5.817199,54.724467,"SUNNINGDALE CRESCENT","Drugs","BT388LD "
"2017-04",-5.934003,54.614427,"SYRINGA STREET","Anti-social behaviour","BT152LE "
"2017-09",-6.94346,55.041344,"GLENVIEW DRIVE","Anti-social behaviour","BT490RZ "
"2016-03",-5.703532,54.653403,"RATHMORE ROAD","Criminal damage and arson","BT489BS "
"2015-12",-6.726422,54.514382,"THE ELMS","Anti-social behaviour","BT716UE "
"2015-04",-6.413625,54.352052,"SINTON PARK","Anti-social behaviour","BT622BU "
"2017-09",-5.930334,54.599189,"CASTLE STREET","Violence and sexual offences","BT307QQ "
"2017-05",-6.464706,54.421273,"LOUGHGALL ROAD","Violence and sexual offences","BT617NH "
"2016-02",-7.281558,55.002992,"SPERRIN PARK","Anti-social behaviour","BT785BA "
"2017-09",-5.926351,54.611475,"ORCHARD STREET","Violence and sexual offences","BT486XY "
"2015-06",-5.946673,54.586026,"DUNLUCE AVENUE","Anti-social behaviour","BT97AW "
"2016-06",-7.467745,54.824465,"O'NOLAN PARK","Criminal damage and arson","BT829EW "
"2015-02",-5.720271,54.319824,"CATHEDRAL PARK","Violence and sexual offences","BT306GF "
"2015-06",-6.330092,54.178542,"COWAN STREET","Anti-social behaviour","BT342AL "
"2016-05",-6.080295,54.524688,"RATHVARNA WALK","Criminal damage and arson","BT282UD "
"2016-11",-5.958012,54.573666,"LISBURN ROAD","Anti-social behaviour","BT97GY "
"2016-02",-5.889043,54.211988,"DOWNS ROAD","Anti-social behaviour","BT330AG "
"2016-06",-5.66799,54.663003,"MAIN STREET","Public order","BT936HW "
"2016-06",-5.669395,54.662832,"QUEEN'S PARADE","Anti-social behaviour","BT203BH "
"2016-11",-7.351316,55.011873,"GRANGEMORE PARK","Vehicle crime","BT480RY "
"2015-11",-6.070516,54.488701,"EGLANTINE CRESCENT","Violence and sexual offences","BT275RH "
"2015-01",-6.342401,54.169862,"POOL LANE","Anti-social behaviour","BT358AW "
"2015-10",-5.76748,54.659182,"MARTELLO PARK","Violence and sexual offences","BT180DG "
"2016-05",-5.928364,54.616649,"MOUNTCOLLYER STREET","Anti-social behaviour","BT153EF "
"2017-11",-5.937835,54.586118,"CAMDEN STREET","Public order","BT96AT "
"2017-12",-5.978095,54.605972,"BALLYGOMARTIN ROAD","Burglary","BT133NA "
"2015-02",-6.656354,55.116738,"MOUNTSANDEL MANOR","Criminal damage and arson","BT521BT "
"2015-04",-6.062861,54.321133,"RATHFRILAND ROAD","Anti-social behaviour","BT341LD "
"2017-08",-6.370253,54.449055,"LEGAHORY CENTRE","Anti-social behaviour","BT655BE "
"2017-02",-5.702363,54.595586,"WILLIAM STREET","Other crime","BT486EP "
"2015-07",-5.937749,54.582001,"WELLESLEY AVENUE","Anti-social behaviour","BT96DG "
"2015-05",-5.932635,54.591645,"VENTRY STREET","Drugs","BT27JP "
"2016-06",-6.023044,54.559948,"STEWARTSTOWN ROAD","Violence and sexual offences","BT714PF "
"2015-04",-5.834291,54.632155,"ABBOT'S WOOD","Other theft","BT189PL "
"2017-07",-6.336652,54.170789,"KILMOREY STREET","Burglary","BT342DE "
"2017-10",-5.943389,54.583966,"LISBURN ROAD","Anti-social behaviour","BT97GY "
"2016-07",-5.834315,54.641895,"SHORE ROAD","Violence and sexual offences","BT413NW "
"2015-06",-6.014271,54.56931,"SUFFOLK ROAD","Bicycle theft","BT119PE "
"2015-09",-6.459523,54.422249,"WESTLAND ROAD","Drugs","BT624DE "
"2016-04",-5.98508,54.555125,"WEDDERBURN GARDENS","Anti-social behaviour","BT100FZ "
"2017-09",-6.277404,54.859269,"QUEEN STREET","Drugs","BT422BQ "
"2015-05",-5.690867,54.591998,"GREENWELL STREET","Violence and sexual offences","BT237LP "
"2016-04",-5.970844,54.615446,"SOMERDALE PARK","Criminal damage and arson","BT147HD "
"2015-09",-6.011017,54.566912,"BLACKS ROAD","Violence and sexual offences","BT119LS "
"2016-06",-7.198717,55.010029,"WARD ROAD","Violence and sexual offences","BT473JU "
"2015-03",-6.057599,54.503005,"WARREN GARDENS","Shoplifting","BT281EA "
"2016-03",-5.928591,54.584756,"CARMEL STREET","Anti-social behaviour","BT71QE "
"2015-06",-5.728908,54.360288,"GREYSTOWN ROAD","Other theft","BT309BJ "
"2016-02",-5.632589,54.629132,"COTTON ROAD","Violence and sexual offences","BT197QH "
"2017-08",-6.336355,54.465277,"WILLIAM STREET","Other theft","BT486EP "
"2015-12",-7.460474,54.824891,"BARRACK STREET","Anti-social behaviour","BT714LS "
"2017-04",-6.417298,54.427696,"KILLYCOMAIN PARK","Violence and sexual offences","BT635JL "
"2016-11",-5.880282,54.606122,"LARKFIELD ROAD","Violence and sexual offences","BT41QF "
"2017-06",-6.707043,54.811458,"LISNAMUCK ROAD","Anti-social behaviour","BT465LD "
"2015-04",-6.351386,54.189994,"LARCHMOUNT","Shoplifting","BR925BN "
"2016-12",-5.931754,54.598036,"FOUNTAIN STREET","Shoplifting","BT414BB "
"2017-04",-5.916331,54.652445,"SHORE ROAD","Other theft","BT413NW "
"2016-06",-5.92705,54.630005,"LANSDOWNE ROAD","Criminal damage and arson","BT475QT "
"2017-09",-5.93075,54.60014,"BERRY STREET","Shoplifting","BT11FJ "
"2017-10",-6.447324,54.424609,"PARK ROAD","Bicycle theft","BT621BH "
"2016-04",-5.708843,54.593715,"CIRCULAR ROAD","Other crime","BT234EU "
"2017-06",-6.006864,54.569629,"SUFFOLK PARADE","Anti-social behaviour","BT119JR "
"2017-01",-6.063802,54.505683,"DROMARA PARK","Anti-social behaviour","BT281PX "
"2017-03",-5.934694,54.599272,"DIVIS STREET","Anti-social behaviour","BT124JP "
"2017-05",-6.004907,54.578977,"HAMILL GLEN","Violence and sexual offences","BT118SN "
"2015-12",-6.277602,54.867411,"JOHN STREET","Violence and sexual offences","BT486JY "
"2015-02",-5.90499,54.599705,"SUSAN STREET","Anti-social behaviour","BT54FE "
"2016-04",-6.974588,54.413329,"MILL STREET","Anti-social behaviour","BT941GR "
"2017-04",-5.986554,54.59357,"WHITEROCK ROAD","Anti-social behaviour","BT127FX "
"2015-03",-6.744075,54.631905,"GLENWOOD CREST","Shoplifting","BT808XU "
"2015-11",-6.444442,54.422604,"MARKET STREET WEST","Other theft","BR925BN "
"2016-05",-5.891423,54.215822,"DUNWELLAN PARK","Violence and sexual offences","BT330DD "
"2015-03",-5.898526,54.592396,"BEERSBRIDGE ROAD","Violence and sexual offences","BT55DY "
"2017-04",-6.006832,54.063066,"HARBOUR ROAD","Anti-social behaviour","BT221EA "
"2016-10",-5.706524,54.595063,"CHURCH STREET","Anti-social behaviour","BT343HN "
"2015-07",-6.27196,54.860575,"CASTLE GARDENS","Public order","BT490SD "
"2016-07",-6.652293,54.345754,"DOBBIN STREET","Anti-social behaviour","BT617QQ "
"2016-09",-6.652293,54.345754,"DOBBIN STREET","Criminal damage and arson","BT617QQ "
"2015-07",-5.948278,54.61379,"OLDPARK ROAD","Anti-social behaviour","BT146QS "
"2016-08",-6.461481,54.425104,"CORCRAIN DRIVE","Anti-social behaviour","BT624DR "
"2017-08",-6.271575,54.346677,"OLD KENLIS STREET","Violence and sexual offences","BT323BD "
"2015-09",-5.673962,54.660764,"CENTRAL AVENUE","Anti-social behaviour","BT203AF "
"2015-01",-6.686162,55.125373,"GREENHALL MANOR","Anti-social behaviour","BT513GN "
"2017-04",-5.908694,54.592348,"GLENTORAN PLACE","Violence and sexual offences","BT68DH "
"2017-09",-6.333926,55.00291,"MOUNTHILL PARK","Criminal damage and arson","BT449QY "
"2016-01",-5.74779,54.768707,"CHURCHLANDS GROVE","Anti-social behaviour","BT389BG "
"2016-08",-6.278525,54.867316,"ALBERT PLACE","Anti-social behaviour","BT829HN "
"2015-12",-7.28553,54.978214,"RIVERSIDE PARK","Anti-social behaviour","BT473RU "
"2017-11",-5.95896,54.598319,"SPRINGFIELD ROAD","Criminal damage and arson","BT205BZ "
"2015-10",-5.703865,54.581535,"BRISTOL PARK","Criminal damage and arson","BT234RH "
"2015-07",-6.855955,54.991882,"KILHOYLE ROAD","Other theft","BT490PU "
"2015-05",-6.68826,54.249695,"ANNVALE ROAD","Anti-social behaviour","BT602SA "
"2016-01",-7.594909,54.479852,"TUMMERY ROAD","Violence and sexual offences","BT783LW "
"2015-01",-6.376465,54.112598,"LOWER FOUGHILL ROAD","Criminal damage and arson","BT358SQ "
"2016-04",-5.963955,54.673993,"MOYOLA PARK","Shoplifting","BT365ER "
"2016-05",-7.473778,54.829522,"LIFFORD ROAD","Other theft","BT828ER "
"2017-08",-6.593188,54.919118,"TURNERS TOWN LANE","Violence and sexual offences","BT515TS "
"2015-08",-6.660012,55.139937,"ROSEMARY PLACE","Other theft","BT522AU "
"2015-03",-6.610882,54.757598,"GARDEN TERRACE","Violence and sexual offences","BT455DE "
"2017-08",-6.211243,54.806212,"MAIN STREET","Criminal damage and arson","BT936HW "
"2017-12",-6.276755,54.863527,"BRIDGE STREET","Anti-social behaviour","BT281XZ "
"2017-11",-6.744976,54.645884,"CENTRAL AVENUE","Violence and sexual offences","BT203AF "
"2015-02",-6.01017,54.569387,"HORN DRIVE","Criminal damage and arson","BT119GS "
"2016-10",-6.221368,54.715206,"MARKET SQUARE","Violence and sexual offences","BT414DN "
"2015-11",-6.279636,54.859525,"RAILWAY STREET","Other crime","BT617HP "
"2017-10",-7.213844,54.980601,"LETTERSHENDONY AVENUE","Anti-social behaviour","BT473HY "
"2017-03",-5.933595,54.567501,"VAUXHALL PARK","Anti-social behaviour","BT95HB "
"2016-04",-5.940726,54.581549,"WELLINGTON PARK TERRACE","Anti-social behaviour","BT96DR "
"2016-05",-7.461544,54.514843,"FAIRVIEW GARDENS","Criminal damage and arson","BT783DP "
"2016-12",-6.418055,54.430051,"HAWTHORN HILL","Violence and sexual offences","BT358DE "
"2016-03",-5.83408,54.640193,"HILL STREET MEWS","Anti-social behaviour","BT189EA "
"2017-09",-6.460685,54.41345,"CRAWFORD PARK","Violence and sexual offences","BT623QW "
"2017-10",-6.519001,55.065755,"WEST GATE","Anti-social behaviour","BT536LD "
"2016-09",-5.963972,54.619742,"BERWICK ROAD","Violence and sexual offences","BT147JP "
"2015-12",-6.589945,54.130949,"SKERRIFF ROAD","Criminal damage and arson","BT350JG "
"2017-08",-5.560084,54.535318,"NEWTOWNARDS ROAD","Violence and sexual offences","BT41AF "
"2016-02",-6.574017,55.16486,"BALLYBOGY ROAD","Violence and sexual offences","BT536PG "
"2017-10",-5.89305,54.599255,"CAREW STREET","Vehicle crime","BT41HQ "
"2016-08",-6.144926,54.637961,"LONG RIG ROAD","Drugs","BT294SX "
"2015-07",-7.359154,54.725863,"CARNARGAN ROAD","Criminal damage and arson","BT784DJ "
"2015-02",-6.034019,54.508904,"SLOAN STREET","Shoplifting","BT275AG "
"2015-09",-5.893043,54.200575,"KING STREET","Anti-social behaviour","BT16BF "
"2017-09",-5.959041,54.589901,"BROADWAY","Anti-social behaviour","BT126HQ "
"2016-05",-5.948104,54.61818,"CLIFTONVILLE ROAD","Anti-social behaviour","BT146JN "
"2015-01",-5.856751,54.594709,"ORMISTON PARK","Violence and sexual offences","BT43JT "
"2015-06",-5.928592,54.599366,"CORN MARKET","Shoplifting","BT358BG "
"2017-09",-6.713135,54.548003,"THE SHANOCH","Violence and sexual offences","BT714XA "
"2016-03",-5.96725,54.062852,"LEESTONE ROAD","Violence and sexual offences","BT344NW "
"2015-01",-5.916331,54.652445,"SHORE ROAD","Shoplifting","BT413NW "
"2016-10",-5.697548,54.649605,"DRUMAWHEY GARDENS","Anti-social behaviour","BT191SR "
"2015-01",-6.272027,54.351302,"REILLY PLACE","Anti-social behaviour","BT323EY "
"2015-02",-5.715611,54.322926,"THOMAS RUSSELL PARK","Criminal damage and arson","BT306NH "
"2015-07",-5.880212,54.601807,"PARK AVENUE","Violence and sexual offences","BT41JJ "
"2017-02",-5.800903,54.726975,"MANOR CLOSE","Criminal damage and arson","BT146DJ "
"2016-04",-5.952195,54.611942,"HILLVIEW ROAD","Violence and sexual offences","BT746EY "
"2016-08",-5.887872,54.597934,"WESTMINISTER AVENUE","Vehicle crime","BR925BN "
"2016-12",-6.091573,54.459071,"ROYAL PARK LANE","Criminal damage and arson","BT266RG "
"2015-08",-7.325591,54.996741,"ROSSVILLE STREET","Criminal damage and arson","BT486LP "
"2017-02",-5.927095,54.60262,"HILL STREET","Anti-social behaviour","BT12LB "
"2015-05",-5.912746,54.674307,"HILLVIEW AVENUE","Criminal damage and arson","BT274PP "
"2015-04",-6.663686,55.133707,"RAILWAY PLACE","Violence and sexual offences","BT521PQ "
"2017-06",-5.71196,54.751512,"VICTORIA AVENUE","Violence and sexual offences","BT237ED "
"2017-06",-6.326718,54.472386,"LEVIN ROAD","Anti-social behaviour","BT679EU "
"2017-04",-5.671616,54.660862,"CENTRAL AVENUE","Anti-social behaviour","BT203AF "
"2015-08",-5.888556,54.223023,"BURRENDALE PARK ROAD","Criminal damage and arson","BT330JE "
"2017-05",-7.332435,54.988299,"BISHOP STREET","Robbery","BT486UX "
"2015-10",-7.328458,55.030909,"KNOCKALLA PARK","Other theft","BT488LT "
"2015-05",-5.922286,54.604972,"CORPORATION SQUARE","Drugs","BT13AJ "
"2017-04",-5.938026,54.615691,"ALLWORTHY AVENUE","Criminal damage and arson","BT146BU "
"2015-12",-5.929548,54.58754,"LAWRENCE STREET","Anti-social behaviour","BT71LE "
"2016-01",-5.808829,54.718754,"ROSEBROOK AVENUE","Anti-social behaviour","BT388NP "
"2017-10",-6.450151,54.421968,"WEST STREET","Violence and sexual offences","BT389HR "
"2015-10",-6.941427,55.041299,"GLENMORE GARDENS","Anti-social behaviour","BT490RT "
"2015-09",-5.953784,54.616974,"OLDPARK ROAD","Anti-social behaviour","BT146QS "
"2017-07",-5.67973,54.654468,"CLANDEBOYE ROAD","Violence and sexual offences","BT191AA "
"2017-06",-7.31268,54.990659,"BARNEWALL PLACE","Vehicle crime","BT472BJ "
"2016-07",-5.826672,54.794531,"CARNEAL ROAD","Criminal damage and arson","BT403LR "
"2016-05",-5.933461,54.593357,"HOPE STREET","Anti-social behaviour","BT435EE "
"2016-07",-6.301029,54.460212,"BELFAST ROAD","Anti-social behaviour","BT248EB "
"2016-08",-5.951566,54.579774,"WINDSOR ROAD","Anti-social behaviour","BT97FP "
"2017-06",-6.28977,54.871401,"WESTBOURNE AVENUE","Other crime","BT435LW "
"2015-09",-6.261242,54.857385,"MEADOWVALE","Other theft","BT667RL "
"2015-09",-6.780717,54.503352,"BALLYGAWLEY ROAD","Criminal damage and arson","BT701RW "
"2017-12",-5.663461,54.66279,"ALFRED STREET","Anti-social behaviour","BT28EP "
"2017-06",-5.871492,54.69677,"GLASSILLAN GROVE","Violence and sexual offences","BT388TB "
"2016-08",-6.190843,54.720432,"BROOKVALE","Anti-social behaviour","BT829PS "
"2015-10",-5.923219,54.576317,"SUNNYSIDE DRIVE","Anti-social behaviour","BT465BJ "
"2016-01",-5.930452,54.584653,"RUGBY ROAD","Other theft","BT71PT "
"2016-06",-6.147478,54.415358,"PRINCES STREET","Anti-social behaviour","BT435EA "
"2016-05",-6.949183,55.045004,"JOSEPHINE AVENUE","Violence and sexual offences","BT499BA "
"2017-10",-7.385345,54.718121,"ORR PARK","Vehicle crime","BT784BH "
"2016-10",-5.985206,54.607707,"LYNDHURST HEIGHTS","Anti-social behaviour","BT133XS "
"2015-10",-5.925779,54.586208,"DUDLEY STREET","Anti-social behaviour","BT71GW "
"2017-05",-5.885021,54.514403,"KILLYNURE WAY","Anti-social behaviour","BT88PU "
"2015-10",-5.932362,54.586663,"INDIA STREET","Other theft","BT71LJ "
"2017-04",-5.901968,54.406713,"WILLOW PARK","Criminal damage and arson","BT248PJ "
"2016-05",-7.322855,54.997777,"WILLIAM STREET","Anti-social behaviour","BT486EP "
"2015-08",-5.900549,54.401324,"ANTRIM ROAD","Anti-social behaviour","BT152AH "
"2016-08",-5.787043,54.50449,"QUARRY CLOSE","Anti-social behaviour","BT235TW "
"2015-10",-5.94134,54.60802,"FLORENCE COURT","Violence and sexual offences","BT131EY "
"2015-09",-5.885402,54.598421,"CHEVIOT AVENUE","Anti-social behaviour","BT43AG "
"2015-12",-7.305256,54.593935,"SUNNINGDALE","Anti-social behaviour","BT781JX "
"2015-03",-5.931541,54.596433,"DONEGALL SQUARE WEST","Drugs","BT16JH "
"2015-05",-7.319958,54.994473,"CARLISLE ROAD","Violence and sexual offences","BT152PT "
"2015-11",-5.918121,54.600758,"STATION STREET","Violence and sexual offences","BT39DA "
"2017-09",-5.962673,54.58317,"BOUCHER WAY","Shoplifting","BT126RE "
"2016-02",-6.045425,54.540994,"MILLTOWN AVENUE","Drugs","BT283TR "
"2016-04",-6.444388,54.419135,"SOUTH STREET","Burglary","BT234JU "
"2017-04",-5.961116,54.687638,"BALLYCRAIGY GARDENS","Anti-social behaviour","BT365XE "
"2015-05",-5.931612,54.591385,"ASHBURNE PLACE","Anti-social behaviour","BT71SE "
"2015-06",-6.597894,54.753163,"BEECHLAND ROAD","Anti-social behaviour","BT456BG "
"2016-07",-5.93543,54.595116,"GLENGALL STREET","Other theft","BT125AB "
"2017-05",-5.990915,54.676213,"BLACKWATER BUSINESS PARK","Other theft","BR925BN "
"2015-11",-7.352061,55.011203,"GRANGEMORE PARK","Burglary","BT480RY "
"2017-08",-5.938294,54.622641,"ANTRIM ROAD","Anti-social behaviour","BT152AH "
"2016-01",-6.21334,54.597041,"GOBRANA ROAD","Vehicle crime","BT294LQ "
"2016-05",-6.194595,54.718063,"RATHKYLE","Anti-social behaviour","BT411LW "
"2015-06",-5.887731,54.403203,"WINDMILL GARDENS","Anti-social behaviour","BT248ER "
"2015-03",-5.938957,54.61718,"BROOKVALE AVENUE","Violence and sexual offences","BT146BW "
"2016-09",-5.920489,54.587699,"SHAFTESBURY AVENUE","Violence and sexual offences","BT72ES "
"2016-09",-6.946029,55.052514,"ALEXANDER ROAD","Violence and sexual offences","BT490BW "
"2017-09",-5.933314,54.588629,"BOTANIC AVENUE","Anti-social behaviour","BT71JL "
"2017-05",-6.349073,54.177294,"WOODHILL","Anti-social behaviour","BT358DP "
"2017-09",-5.933035,54.62345,"GLANDORE AVENUE","Criminal damage and arson","BT153FB "
"2016-11",-6.387924,54.445456,"PARKMORE","Violence and sexual offences","BT642AQ "
"2016-12",-6.285868,54.866081,"PRINCES STREET","Criminal damage and arson","BT435EA "
"2016-01",-6.270209,54.865455,"GLENSHESK DRIVE","Anti-social behaviour","BT437AT "
"2017-07",-5.908779,54.589779,"RAVENHILL STREET","Anti-social behaviour","BT68EP "
"2017-08",-6.030026,54.516135,"VICTORY STREET","Public order","BT274TP "
"2016-08",-5.94261,54.607386,"HOPEWELL PLACE","Violence and sexual offences","BT131EJ "
"2015-08",-6.473502,54.251613,"MAIN STREET","Other theft","BT936HW "
"2015-03",-6.343293,54.168239,"DUBLIN ROAD","Anti-social behaviour","BT358QP "
"2017-06",-5.930334,54.599189,"CASTLE STREET","Criminal damage and arson","BT307QQ "
"2015-08",-6.336748,54.177933,"BANK PARADE","Anti-social behaviour","BT356HP "
"2015-02",-6.682871,55.126289,"WESTBOURNE CRESCENT","Anti-social behaviour","BT513HQ "
"2016-09",-5.930067,54.600182,"ROSEMARY STREET","Shoplifting","BT11QB "
"2017-06",-5.988179,54.565959,"ORCHARDVILLE AVENUE","Violence and sexual offences","BT100JH "
"2017-02",-6.023972,54.575588,"UPPER SUFFOLK ROAD","Public order","BT119RH "
"2015-03",-6.742135,54.637544,"COOKE CRESCENT","Violence and sexual offences","BT808LD "
"2015-04",-5.934622,54.595794,"HOWARD STREET","Violence and sexual offences","BT16PJ "
"2015-02",-6.350507,54.156666,"DRUMLISKA GARDENS","Anti-social behaviour","BT358QE "
"2016-02",-5.671616,54.660862,"CENTRAL AVENUE","Burglary","BT203AF "
"2017-07",-7.37648,54.718435,"CASTLE BRAE","Anti-social behaviour","BT784AS "
"2015-06",-5.924362,54.593067,"ELIZA STREET TERRACE","Violence and sexual offences","BT72AX "
"2015-06",-5.959062,54.629992,"SUNNINGDALE GARDENS","Anti-social behaviour","BT146SH "
"2015-11",-5.831469,54.638035,"SPENCER STREET","Other theft","BT189DJ "
"2016-01",-5.928592,54.599366,"CORN MARKET","Shoplifting","BT358BG "
"2016-03",-5.659624,54.635705,"BROOKVIEW","Anti-social behaviour","BT197YP "
"2015-10",-7.31798,54.995944,"FOYLE STREET","Anti-social behaviour","BT486XY "
"2016-11",-6.035761,54.524719,"HARMONY DRIVE","Anti-social behaviour","BT274ED "
"2015-05",-5.936644,54.59192,"SANDY ROW","Violence and sexual offences","BT125EU "
"2017-04",-5.938228,54.619962,"ANTRIM ROAD","Criminal damage and arson","BT152AH "
"2016-08",-6.648411,54.346429,"WOODFORD PLACE","Violence and sexual offences","BT601AG "
"2017-07",-6.021586,54.063741,"FEARON CLOSE","Violence and sexual offences","BT344ER "
"2017-02",-7.473063,54.785251,"CHURCH SQUARE","Violence and sexual offences","BT345PT "
"2017-10",-7.471975,54.825813,"CARRICK STRAND","Anti-social behaviour","BT829RN "
"2015-10",-5.699926,54.321639,"DEMESNE AVENUE","Anti-social behaviour","BT667BL "
"2017-01",-7.571217,54.196051,"MAIN STREET","Criminal damage and arson","BT936HW "
"2016-07",-7.302213,55.003229,"EBRINGTON PARK","Anti-social behaviour","BT476JE "
"2017-10",-5.903472,54.360025,"BALLYMACARN ROAD","Anti-social behaviour","BT248JS "
"2017-05",-6.267757,54.883406,"BLACKSGROVE","Other theft","BT436AS "
"2015-04",-5.925779,54.586208,"DUDLEY STREET","Violence and sexual offences","BT71GW "
"2017-02",-7.361057,55.01364,"SPRINGTOWN ROAD","Burglary","BT480LY "
"2016-12",-5.931955,54.603844,"UNION STREET","Other theft","BT536HT "
"2017-02",-7.705913,54.436021,"VALLEY ROAD","Burglary","BT344UF "
"2016-08",-6.224475,54.964653,"GLENRAVEL ROAD","Vehicle crime","BT436QQ "
"2015-02",-5.934622,54.595794,"HOWARD STREET","Anti-social behaviour","BT16PJ "
"2015-07",-5.897929,54.595566,"EDITH STREET","Anti-social behaviour","BT54QP "
"2017-07",-6.980351,54.417574,"MOORE STREET","Other theft","BT696AR "
"2015-10",-5.932362,54.586663,"INDIA STREET","Vehicle crime","BT71LJ "
"2015-09",-5.443267,54.463548,"LAWSON GARDENS","Burglary","BT221ET "
"2015-12",-7.339352,54.996098,"EASTWAY GARDENS","Violence and sexual offences","BT489QB "
"2016-10",-6.068455,54.487895,"EGLANTINE ROAD","Other theft","BT275RQ "
"2016-07",-6.021495,54.575332,"GLENVEAGH DRIVE","Anti-social behaviour","BT119HX "
"2017-02",-5.952229,54.582894,"EDINBURGH STREET","Anti-social behaviour","BT97DS "
"2017-10",-5.929696,54.607175,"GREAT GEORGES STREET","Vehicle crime","BT343HS "
"2016-05",-6.348367,54.459997,"OAKRIDGE","Anti-social behaviour","BT324RT "
"2015-04",-6.358411,54.376632,"HUNTERS HILL PARK","Anti-social behaviour","BT636TA "
"2016-12",-5.929051,54.602213,"TALBOT STREET","Burglary","BT234EG "
"2017-06",-6.283987,54.864878,"BALMORAL AVENUE","Anti-social behaviour","BT96NY "
"2016-10",-6.271023,54.87154,"DEVENAGH WAY","Anti-social behaviour","BT436EW "
"2016-02",-5.950638,54.582238,"EDINBURGH MEWS","Anti-social behaviour","BT97EQ "
"2016-06",-6.410718,54.35364,"MANDEVILLE DRIVE","Anti-social behaviour","BT622DQ "
"2017-01",-7.299738,54.994619,"LINCOLN COURT","Anti-social behaviour","BT475NX "
"2015-09",-6.575684,54.188526,"DUNDALK STREET","Violence and sexual offences","BT350PB "
"2017-12",-7.475591,54.819343,"LISNAFIN PARK","Anti-social behaviour","BT829DJ "
"2015-07",-5.939954,54.581221,"PARK LANE","Violence and sexual offences","BT247PR "
"2016-08",-5.96145,54.590921,"IVEAGH STREET","Other theft","BT126AU "
"2016-03",-5.92988,54.595012,"FRANKLIN STREET","Violence and sexual offences","BT28DS "
"2015-10",-5.938957,54.61718,"BROOKVALE AVENUE","Anti-social behaviour","BT146BW "
"2017-07",-5.909354,54.592458,"SHAMROCK PLACE","Anti-social behaviour","BT68HU "
"2017-07",-6.351616,54.179584,"HOSPITAL ROAD","Burglary","BT358PW "
"2016-10",-5.967206,54.63065,"TYNDALE GROVE","Anti-social behaviour","BT148HP "
"2015-12",-6.280001,54.365486,"MEADOWBANK","Violence and sexual offences","BT370UP "
"2016-11",-5.979949,54.581348,"FALLS ROAD","Other theft","BT119AB "
"2016-02",-6.225262,54.713466,"LOUGH ROAD","Violence and sexual offences","BT666JJ "
"2015-04",-5.973239,54.592494,"BRITTONS PARADE","Anti-social behaviour","BT127PJ "
"2015-03",-7.015178,55.044694,"COPELAND CRESCENT","Anti-social behaviour","BT235JA "
"2015-03",-7.310287,54.99264,"CHAPEL ROAD","Other theft","BT294LY "
"2016-11",-5.874954,54.605004,"DENORRTON PARK","Other theft","BT41SF "
"2017-02",-6.033706,54.552997,"LAGMORE MEADOWS","Anti-social behaviour","BT170TH "
"2017-08",-6.952095,55.048533,"PROTESTANT STREET","Anti-social behaviour","BT499BP "
"2017-05",-6.319383,54.152166,"OLD WARRENPOINT ROAD","Violence and sexual offences","BR925BN "
"2016-01",-7.315726,55.03197,"LENAMORE GARDENS","Criminal damage and arson","BT488LJ "
"2015-07",-5.891472,54.599848,"LEWIS DRIVE","Other theft","BT41EN "
"2017-02",-7.306928,54.602946,"CASTLE PLACE","Anti-social behaviour","BT785ER "
"2015-11",-5.931754,54.598036,"FOUNTAIN STREET","Shoplifting","BT414BB "
"2017-07",-6.946733,55.044768,"BENBRADAGH AVENUE","Violence and sexual offences","BT490AP "
"2016-07",-6.386817,54.881704,"KILLYLESS ROAD","Criminal damage and arson","BT421HB "
"2017-09",-5.932029,54.568813,"CRICKLEWOOD PARK","Vehicle crime","BT95GW "
"2015-03",-6.058467,54.513998,"HILLSIDE GARDENS","Shoplifting","BT196SJ "
"2017-09",-6.769379,55.088432,"SPRINGWELL CRESCENT","Drugs","BT196JZ "
"2015-04",-5.95909,54.607476,"ENFIELD STREET","Burglary","BT133DH "
"2016-06",-5.804677,54.595653,"BALLYREGAN ROAD","Anti-social behaviour","BT161HY "
"2016-05",-5.937639,54.584479,"ELMWOOD AVENUE","Violence and sexual offences","BT96AZ "
"2016-10",-6.000953,54.573179,"CONOR RISE","Anti-social behaviour","BT119LP "
"2017-02",-5.535213,54.606395,"ABBEY PARK","Violence and sexual offences","BT57RU "
"2015-01",-5.928819,54.600385,"ROSEMARY STREET","Violence and sexual offences","BT11QB "
"2017-09",-5.901776,54.600809,"MCARTHUR COURT","Anti-social behaviour","BT41BA "
"2016-02",-7.330139,55.029517,"GALLIAGH PARK","Anti-social behaviour","BT488DE "
"2015-07",-7.32113,55.030536,"BROOKDALE PARK","Criminal damage and arson","BT488HQ "
"2016-05",-6.483988,54.11206,"TULLYMACREEVE ROAD","Anti-social behaviour","BT359RE "
"2016-05",-5.902357,54.10655,"ULSTER AVENUE","Violence and sexual offences","BT344TX "
"2016-07",-6.743916,54.634544,"GORTALOWRY PARK","Anti-social behaviour","BT808JJ "
"2017-03",-6.637117,55.196043,"BALLYWILLIN CRESCENT","Violence and sexual offences","BT568GJ "
"2015-02",-5.948154,54.583337,"TATES AVENUE","Violence and sexual offences","BT97BY "
"2015-12",-5.930334,54.599189,"CASTLE STREET","Anti-social behaviour","BT307QQ "
"2015-06",-5.900908,54.678981,"ABBEYGLEN DRIVE","Anti-social behaviour","BT370TL "
"2017-06",-6.21248,54.595492,"GLEN RIVER PARK","Anti-social behaviour","BT294FX "
"2017-01",-6.459043,54.422324,"DEER PARK","Violence and sexual offences","BT624BG "
"2016-05",-6.532226,54.711006,"SHORE ROAD","Anti-social behaviour","BT413NW "
"2015-12",-6.253154,54.345145,"CHINAULEY PARK","Burglary","BT324JL "
"2016-03",-6.357103,54.196119,"BRACKEN GROVE","Violence and sexual offences","BT356PG "
"2016-01",-7.359531,55.032846,"BENVIEW ESTATE","Criminal damage and arson","BT480NQ "
"2017-02",-5.945781,54.589605,"PRINCE ANDREW PARK","Other theft","BT125PW "
"2016-04",-6.333194,54.46562,"NORTH STREET","Criminal damage and arson","BT341DB "
"2016-10",-5.537567,54.642512,"HIGH STREET","Anti-social behaviour","BT248AB "
"2016-01",-5.9895,54.580887,"GLEN ROAD","Criminal damage and arson","BT118BU "
"2015-01",-5.903215,54.40793,"WILLOW PARK","Anti-social behaviour","BT248PJ "
"2016-11",-5.86406,54.59668,"BELMONT CHURCH ROAD","Criminal damage and arson","BT43FF "
"2015-07",-5.978735,54.59618,"SPRINGHILL GARDENS","Violence and sexual offences","BT127SF "
"2016-08",-6.670388,55.128804,"NEW ROW","Violence and sexual offences","BT521AF "
"2016-07",-6.269187,54.862413,"TROSTAN AVENUE","Violence and sexual offences","BT437BL "
"2015-06",-6.480729,54.953312,"GLEBE PARK","Criminal damage and arson","BT744DB "
"2016-07",-6.448264,54.429086,"ST JOHN'S CRESCENT","Anti-social behaviour","BT621EG "
"2015-02",-6.659267,54.345023,"NAVAN MANOR","Violence and sexual offences","BT617AP "
"2017-10",-6.615906,54.753316,"GLENBURN PARK","Anti-social behaviour","BT205RG "
"2016-06",-5.931874,54.651499,"THORBURN PARK","Anti-social behaviour","BT367AZ "
"2015-10",-5.925203,54.602102,"VICTORIA STREET","Anti-social behaviour","BT679DG "
"2017-11",-5.961537,54.623852,"DEERPARK ROAD","Anti-social behaviour","BT147PX "
"2017-03",-5.928441,54.636148,"FAIRHILL PARK","Criminal damage and arson","BT154FY "
"2015-03",-6.517485,55.068647,"CASTLE STREET","Anti-social behaviour","BT307QQ "
"2017-09",-5.897905,54.598145,"CHAMBERLAIN STREET","Violence and sexual offences","BT486LR "
"2015-06",-5.927657,54.630555,"LANSDOWNE ROAD","Vehicle crime","BT475QT "
"2015-05",-5.875765,54.609043,"INVERNOOK PARK","Anti-social behaviour","BT41RL "
"2016-03",-5.930676,54.583911,"RUGBY ROAD","Anti-social behaviour","BT71PT "
"2015-04",-7.168531,54.412925,"AUGHER ROAD","Anti-social behaviour","BT760AD "
"2015-07",-6.345276,54.163064,"LORETTO PARK","Other theft","BT358SA "
"2015-05",-6.819583,54.534544,"POMEROY ROAD","Criminal damage and arson","BT703DT "
"2015-07",-5.987066,54.597936,"MOYARD PARADE","Anti-social behaviour","BT127HG "
"2015-05",-6.789606,54.514941,"MULLAGHMORE ROAD","Anti-social behaviour","BT701RD "
"2017-05",-7.634071,54.342405,"THE POINT","Violence and sexual offences","BT746JQ "
"2016-07",-6.618771,54.754481,"MULLAGHBOY HEIGHTS","Anti-social behaviour","BT455NU "
"2016-03",-5.966717,54.555699,"MALTON RISE","Anti-social behaviour","BT96HY "
"2017-05",-6.512574,55.064733,"DONAGHBROOK DRIVE","Burglary","BT537EF "
"2016-03",-5.92641,54.601179,"HILL STREET","Violence and sexual offences","BT12LB "
"2015-06",-6.076084,54.523903,"BEECHWOOD GROVE","Anti-social behaviour","BT87UR "
"2016-11",-5.850699,54.6156,"KNOCKNAGONEY GREEN","Anti-social behaviour","BT42QD "
"2016-12",-5.872428,54.577761,"BALLYGOWAN ROAD","Burglary","BT235PG "
"2016-04",-5.923271,54.626661,"YORK CRESCENT","Anti-social behaviour","BT153RA "
"2016-01",-5.668506,54.659688,"MARKET STREET","Shoplifting","BT622BP "
"2015-02",-6.439105,54.40736,"THE FAIRWAYS","Anti-social behaviour","BT623FR "
"2016-10",-5.927646,54.598784,"CORN MARKET","Shoplifting","BT358BG "
"2017-03",-6.775254,54.500719,"BEECHVALLEY","Anti-social behaviour","BT717BN "
"2017-05",-7.473778,54.829522,"LIFFORD ROAD","Criminal damage and arson","BT828ER "
"2016-02",-6.030235,54.557019,"WOODSIDE VIEW","Violence and sexual offences","BT170ST "
"2015-07",-6.37354,54.187645,"JOHN F KENNEDY PARK","Violence and sexual offences","BT357EW "
"2016-07",-7.307871,54.598459,"O'CONNOR TERRACE","Burglary","BR925BN "
"2017-02",-6.142643,54.413936,"PRIMROSE HILL","Violence and sexual offences","BT760AF "
"2017-07",-5.67411,54.656813,"ABBEY STREET","Other theft","BT204JB "
"2015-09",-6.27196,54.860575,"CASTLE GARDENS","Anti-social behaviour","BT490SD "
"2016-02",-5.883286,54.598339,"LOMOND STREET","Other theft","BT43AN "
"2015-09",-5.819081,54.723243,"MAPLE GARDENS","Violence and sexual offences","BT388EN "
"2017-05",-5.889043,54.211988,"DOWNS ROAD","Anti-social behaviour","BT330AG "
"2017-03",-5.905018,54.584988,"CHESHAM GROVE","Violence and sexual offences","BT68GU "
"2015-01",-5.915143,54.596349,"LAGANBANK ROAD","Violence and sexual offences","BT13LT "
"2017-01",-6.312234,54.462616,"DEMESNE AVENUE","Possession of weapons","BT667BL "
"2016-02",-6.744168,54.623344,"RIVERDALE DRIVE","Other theft","BT344XR "
"2016-03",-6.328007,54.163014,"TORAGH PARK","Possession of weapons","BT342QS "
"2017-03",-6.230421,54.479666,"CASTLEVUE GARDENS","Criminal damage and arson","BT670JU "
"2015-01",-7.571186,54.317286,"TAMLAGHT PARK","Criminal damage and arson","BT744HL "
"2015-02",-6.18846,54.710532,"FIRMOUNT DRIVE","Violence and sexual offences","BT411JN "
"2016-01",-5.97899,54.574171,"STOCKMANS CRESCENT","Burglary","BT119AW "
"2016-01",-5.911545,54.5566,"ROGERS PLACE","Anti-social behaviour","BT87US "
"2017-08",-7.641433,54.346371,"HALLS LANE","Anti-social behaviour","BT747DR "
"2015-06",-5.66886,54.594496,"WHITETHORN BRAE","Anti-social behaviour","BT252DH "
"2016-11",-6.4418,54.423594,"MEADOW LANE","Anti-social behaviour","BT745NU "
"2017-08",-5.912672,54.579011,"RAVENHILL ROAD","Drugs","BT68EF "
"2015-02",-6.15438,54.640235,"DUNDESERT ROAD","Other crime","BT294SL "
"2016-03",-6.688996,54.447742,"MEADOWVIEW","Anti-social behaviour","BT750PZ "
"2015-07",-6.715468,55.178847,"SEAFIELD PARK","Criminal damage and arson","BT557JU "
"2017-03",-5.934694,54.599272,"DIVIS STREET","Violence and sexual offences","BT124JP "
"2015-08",-5.651964,54.398523,"STRANGFORD VIEW","Violence and sexual offences","BT222SE "
"2017-05",-6.022823,54.362094,"MASSFORD CLOSE","Violence and sexual offences","BT252BB "
"2015-03",-5.814929,54.850459,"CIRCULAR ROAD","Shoplifting","BT234EU "
"2017-07",-6.798793,55.156242,"BALLYMADIGAN ROAD","Criminal damage and arson","BT514RR "
"2015-06",-6.006047,54.569256,"SUFFOLK CRESCENT","Violence and sexual offences","BT119JT "
"2015-03",-5.535242,54.637415,"VICTORIA GARDENS","Violence and sexual offences","BT679AZ "
"2017-07",-7.643201,54.348164,"QUEEN STREET","Other theft","BT422BQ "
"2016-05",-5.666075,54.632892,"ARDVANAGH COURT","Violence and sexual offences","BT237XR "
"2017-01",-5.928756,54.601911,"DONEGALL STREET","Drugs","BT12GQ "
"2016-04",-6.519007,55.072376,"HANNA COURT","Violence and sexual offences","BT536DN "
"2016-05",-6.324482,54.862308,"FENAGHY PARK","Anti-social behaviour","BT421JT "
"2017-12",-6.297158,54.433096,"OAK GRANGE","Anti-social behaviour","BT667SU "
"2015-10",-5.732579,54.551139,"LABURNUM CLOSE","Violence and sexual offences","BT235YJ "
"2017-09",-6.256184,54.862362,"COLONSAY PARK","Violence and sexual offences","BT424DZ "
"2016-05",-6.667463,55.129059,"CHAPEL SQUARE","Anti-social behaviour","BT521LN "
"2016-05",-5.702608,54.653583,"BELMONT PARK","Anti-social behaviour","BT43DU "
"2017-09",-5.932363,54.620222,"DUNMORE PARK","Violence and sexual offences","BT153GQ "
"2016-07",-5.677295,54.342987,"SAUL BRAE","Vehicle crime","BT306PE "
"2017-03",-6.010325,54.064768,"SLIEVESHAN PARK","Other crime","BT344DS "
"2016-07",-5.965293,54.613134,"TWADDELL AVENUE","Public order","BT133LE "
"2017-05",-7.454668,54.823922,"EVISH GROVE","Anti-social behaviour","BT828HR "
"2017-04",-5.54133,54.643559,"MOAT STREET","Anti-social behaviour","BT210ED "
"2017-11",-5.639452,54.658496,"WELLINGTON PARK","Anti-social behaviour","BT96DP "
"2015-11",-5.987572,54.565104,"ORCHARDVILLE CRESCENT","Anti-social behaviour","BT100JT "
"2016-03",-5.976658,54.624331,"LEGGAGH COURT","Anti-social behaviour","BT148AY "
"2016-03",-6.334325,54.185627,"TOLL HOUSE PARK","Drugs","BT341TS "
"2016-07",-5.892409,54.591598,"FLORA STREET","Violence and sexual offences","BT54SN "
"2015-08",-7.161705,54.473365,"NEWTOWNSAVILLE ROAD","Anti-social behaviour","BT782RW "
"2015-09",-5.926512,54.597057,"MONTGOMERY STREET","Other theft","BT14NX "
"2017-05",-6.696884,54.538584,"MAPLEBROOK LANE","Anti-social behaviour","BT714TG "
"2015-11",-5.874324,54.609665,"INVERNOOK PARK","Violence and sexual offences","BT41RL "
"2017-11",-6.949858,55.039549,"DRUMCEATT PARK","Anti-social behaviour","BT499HE "
"2015-12",-6.253873,54.863586,"STROMA DRIVE","Other theft","BT424DX "
"2016-09",-6.015512,54.573374,"CREESLOUGH PARK","Violence and sexual offences","BT119HJ "
"2017-04",-5.91858,54.55293,"BEECHILL ROAD","Anti-social behaviour","BT87PT "
"2017-04",-5.931624,54.598465,"FOUNTAIN STREET","Anti-social behaviour","BT414BB "
"2015-05",-6.419211,54.419248,"MANDERLEY MEWS","Anti-social behaviour","BT635UX "
"2015-11",-7.33547,54.988046,"GLENDARA","Criminal damage and arson","BT486LF "
"2015-06",-6.834915,54.505037,"CASTLE GROVE","Anti-social behaviour","BT703NL "
"2016-05",-7.330979,55.004415,"FAIRMAN PLACE","Criminal damage and arson","BT487LD "
"2017-10",-5.915174,54.555773,"NEWTOWNBREDA ROAD","Violence and sexual offences","BT87BP "
"2015-02",-5.925203,54.602102,"VICTORIA STREET","Other theft","BT679DG "
"2015-09",-5.882933,54.524322,"BARONSCOURT HEIGHTS","Criminal damage and arson","BT88RS "
"2017-08",-6.645987,54.348127,"VICTORIA STREET","Criminal damage and arson","BT679DG "
"2015-10",-5.897963,54.596115,"CONSTANCE STREET","Anti-social behaviour","BT54QF "
"2015-12",-5.935169,54.588355,"LISBURN ROAD","Violence and sexual offences","BT97GY "
"2015-09",-6.033149,54.51287,"ROSEVILLE WALK","Violence and sexual offences","BT274YA "
"2017-04",-6.36546,54.452872,"PINEBANK","Anti-social behaviour","BT655DA "
"2017-06",-5.732239,54.557261,"DERMOTT PARK","Anti-social behaviour","BT235JQ "
"2015-08",-6.670388,55.128804,"NEW ROW","Criminal damage and arson","BT521AF "
"2015-03",-6.352147,54.180112,"HOSPITAL ROAD","Anti-social behaviour","BT358PW "
"2015-09",-7.331471,54.997402,"WESTLAND STREET","Public order","BT489EU "
"2016-06",-6.949183,55.045004,"JOSEPHINE AVENUE","Criminal damage and arson","BT499BA "
"2016-10",-6.320757,54.748024,"THE PARADE","Other theft","BT413AA "
"2015-07",-5.927784,54.603997,"ACADEMY STREET","Theft from the person","BT12LS "
"2017-06",-6.73797,54.645523,"MOLESWORTH ROAD","Violence and sexual offences","BT808NR "
"2017-11",-5.924503,54.580562,"DELHI STREET","Anti-social behaviour","BT73AL "
"2016-07",-5.684378,54.653398,"HAWTHORNE DRIVE","Anti-social behaviour","BT203LN "
"2016-03",-5.893617,54.570001,"CREGAGH ROAD","Criminal damage and arson","BT69EU "
"2016-03",-6.650306,54.347735,"THE MALL WEST","Anti-social behaviour","BT619AJ "
"2015-04",-5.622663,54.665707,"ROSSDALE ROAD","Anti-social behaviour","BT196BE "
"2015-05",-5.715611,54.322926,"THOMAS RUSSELL PARK","Anti-social behaviour","BT306NH "
"2015-07",-5.547361,54.382029,"CHURCH STREET","Criminal damage and arson","BT343HN "
"2017-04",-5.931238,54.597228,"DONEGALL SQUARE NORTH","Anti-social behaviour","BT15GB "
"2015-10",-7.611257,54.351874,"COLLEGE PARK LANE","Anti-social behaviour","BT746GF "
"2015-11",-7.329035,55.025397,"MOSS PARK","Other crime","BT488JZ "
"2015-05",-5.874591,54.60365,"EDGCUMBE GARDENS","Other theft","BT42EG "
"2015-08",-5.945492,54.537558,"BALLYLESSON ROAD","Other theft","BT88JU "
"2016-06",-7.302213,55.003229,"EBRINGTON PARK","Violence and sexual offences","BT476JE "
"2015-05",-5.921608,54.576972,"HAYWOOD AVENUE","Anti-social behaviour","BT73EU "
"2015-11",-6.620665,54.865415,"MAIN STREET","Violence and sexual offences","BT936HW "
"2017-07",-6.090131,54.505922,"HULLS LANE","Anti-social behaviour","BT282SR "
"2015-03",-7.322371,55.001493,"ASYLUM ROAD","Violence and sexual offences","BT487DL "
"2016-07",-5.990811,54.572804,"RIVERDALE PARK EAST","Violence and sexual offences","BT119DA "
"2016-11",-7.334765,55.004184,"UPPER NASSAU STREET","Other theft","BT480EU "
"2017-09",-6.925941,55.041289,"BRANSON PARK","Violence and sexual offences","BT490TB "
"2015-05",-5.831091,54.642808,"BANGOR ROAD","Anti-social behaviour","BT237PH "
"2015-06",-5.913227,54.603864,"QUEENS ROAD","Violence and sexual offences","BT39FB "
"2016-12",-5.533032,54.631439,"MILLISLE ROAD","Anti-social behaviour","BT210HZ "
"2016-03",-5.973531,54.629274,"BRAE HILL ROAD","Drugs","BT148FL "
"2016-03",-6.351112,54.172614,"LOANDA CRESCENT","Drugs","BT358EZ "
"2015-06",-6.063042,54.75365,"BALLYBRACKEN ROAD","Anti-social behaviour","BT390TQ "
"2015-05",-5.944982,54.58889,"BARRINGTON GARDENS","Anti-social behaviour","BT125PY "
"2015-11",-5.921031,54.660541,"GLENMOUNT DRIVE","Burglary","BT367QQ "
"2015-04",-7.473778,54.829522,"LIFFORD ROAD","Anti-social behaviour","BT828ER "
"2017-04",-5.671433,54.6581,"ABBEY STREET","Drugs","BT204JB "
"2016-07",-5.905874,54.596648,"CLANDEBOYE GARDENS","Vehicle crime","BT54PE "
"2016-07",-7.318823,54.996883,"FOYLE STREET","Anti-social behaviour","BT486XY "
"2016-05",-6.030363,54.562376,"SALLY GARDENS LANE","Criminal damage and arson","BR925BN "
"2017-11",-5.948891,54.665886,"ELMFIELD AVENUE","Vehicle crime","BT367RS "
"2017-10",-6.046705,54.511284,"BOW STREET","Other theft","BT281AW "
"2017-01",-7.013061,55.042377,"TAMLOUGH PARK","Violence and sexual offences","BT499NS "
"2015-09",-6.777398,54.346089,"ESKER PARK","Anti-social behaviour","BT604LT "
"2017-04",-7.321576,54.997635,"WILLIAM STREET","Criminal damage and arson","BT486EP "
"2016-08",-6.225262,54.713466,"LOUGH ROAD","Anti-social behaviour","BT666JJ "
"2015-05",-6.612569,54.743261,"MANOR CLOSE","Violence and sexual offences","BT146DJ "
"2016-02",-6.413625,54.352052,"SINTON PARK","Criminal damage and arson","BT622BU "
"2017-12",-6.356974,54.176962,"ALTNAVEIGH PARK","Violence and sexual offences","BT358XB "
"2015-07",-5.832547,54.460397,"COMBER STREET","Violence and sexual offences","BT247AZ "
"2017-12",-6.044499,54.513512,"RAILWAY STREET","Anti-social behaviour","BT617HP "
"2015-07",-6.335799,54.177929,"TREVOR HILL","Violence and sexual offences","BT341DN "
"2016-06",-6.330393,54.458277,"TRASNA WAY","Drugs","BT920LU "
"2015-12",-6.219326,54.732759,"BARRA STREET","Criminal damage and arson","BT412TJ "
"2017-02",-5.857144,54.613441,"GARNERVILLE GROVE","Anti-social behaviour","BT42PB "
"2016-02",-5.884953,54.594846,"LOVATT STREET","Other theft","BT55DA "
"2017-02",-6.519014,55.073014,"CHARLES STREET","Criminal damage and arson","BT666HG "
"2015-11",-5.957943,54.615247,"BROMPTON PARK","Violence and sexual offences","BT147LB "
"2016-07",-5.874324,54.609665,"INVERNOOK PARK","Other theft","BT41RL "
"2017-07",-6.72077,54.530215,"GORTIN CRESCENT","Drugs","BT716ES "
"2017-08",-5.967178,54.681172,"GLENVARNA SQUARE","Violence and sexual offences","BT365JG "
"2017-04",-7.335676,54.858245,"BARRON ROAD","Anti-social behaviour","BT820JD "
"2016-03",-5.630519,54.651933,"PINEHILL PARK","Violence and sexual offences","BT196SB "
"2016-11",-5.939056,54.586435,"MINDS WAY","Violence and sexual offences","BT96PU "
"2015-05",-7.593509,54.709135,"JOHN STREET","Violence and sexual offences","BT486JY "
"2015-10",-7.314978,54.376734,"BREAKLY WAY","Anti-social behaviour","BT750PB "
"2017-06",-5.933083,54.595336,"BRUNSWICK STREET","Anti-social behaviour","BT27GE "
"2015-05",-5.941113,54.565904,"BLADON DRIVE","Burglary","BT95JL "
"2016-06",-5.936476,54.621855,"DUNMORE DRIVE","Anti-social behaviour","BT153GN "
"2016-01",-5.910804,54.563829,"SAINTFIELD ROAD","Public order","BT88SG "
"2016-08",-6.059904,54.510077,"TONAGH MEWS","Anti-social behaviour","BT281DZ "
"2017-11",-6.095422,54.419031,"BALLYMACORMICK ROAD","Anti-social behaviour","BT251QR "
"2015-09",-5.93768,54.618551,"CAMBERWELL TERRACE","Anti-social behaviour","BT153AS "
"2017-05",-5.671616,54.660862,"CENTRAL AVENUE","Violence and sexual offences","BT203AF "
"2016-05",-5.572581,54.303183,"DONARD VIEW","Other theft","BT307BN "
"2017-06",-6.028289,54.233155,"BLACKTHORN CLOSE","Criminal damage and arson","BT345WA "
"2016-11",-6.513351,55.070789,"QUEEN STREET","Anti-social behaviour","BT422BQ "
"2015-11",-5.938546,54.580622,"MALONE ROAD","Anti-social behaviour","BT95BU "
"2015-02",-6.657725,54.35603,"RAILWAY STREET","Other theft","BT617HP "
"2015-04",-5.846404,54.256836,"MAIN STREET","Anti-social behaviour","BT936HW "
"2015-09",-5.891325,54.677485,"SHORE ROAD","Anti-social behaviour","BT413NW "
"2017-06",-6.658592,55.193937,"GLENDUN CLOSE","Violence and sexual offences","BT568BY "
"2016-03",-5.993002,54.587369,"MONAGH ROAD","Anti-social behaviour","BT118EF "
"2015-11",-5.890845,54.558703,"GARLAND AVENUE","Burglary","BT666JH "
"2017-04",-6.022572,54.562986,"OLD COLIN","Other theft","BT170AX "
"2016-04",-6.514873,55.075766,"MARKET STREET","Anti-social behaviour","BT622BP "
"2016-10",-6.662999,54.840941,"KING WILLIAM III CRESCENT","Anti-social behaviour","BT465HA "
"2016-08",-5.953784,54.616974,"OLDPARK ROAD","Criminal damage and arson","BT146QS "
"2015-01",-6.356978,54.18034,"ARDCARN PARK","Vehicle crime","BT57RQ "
"2016-07",-6.746938,54.488336,"MOY ROAD","Violence and sexual offences","BT618DR "
"2016-10",-5.934816,54.615187,"NEWINGTON AVENUE","Robbery","BT401NN "
"2017-09",-5.872153,54.595493,"KERRSLAND PARADE","Criminal damage and arson","BT56EP "
"2016-05",-7.63961,54.345485,"PAGET SQUARE","Anti-social behaviour","BT747HS "
"2017-09",-6.076658,54.523211,"BEECHWOOD GROVE","Anti-social behaviour","BT87UR "
"2017-03",-5.93528,54.58585,"UNIVERSITY SQUARE MEWS","Drugs","BT71JU "
"2015-12",-5.820399,54.846334,"BANK ROAD","Anti-social behaviour","BT403AW "
"2015-04",-5.844427,54.588102,"KINGSWAY DRIVE","Burglary","BT623DX "
"2017-05",-5.779686,54.470462,"STATION ROAD","Other theft","BT41RF "
"2015-12",-5.926248,54.599505,"POTTINGERS ENTRY","Other theft","BT14DT "
"2016-10",-7.30036,55.018983,"GLENEAGLES","Anti-social behaviour","BT449PQ "
"2015-10",-6.056254,54.509542,"LONGSTONE STREET","Criminal damage and arson","BT281TR "
"2017-10",-6.660084,55.108775,"BALLYNESS PARK","Drugs","BT513RR "
"2016-10",-5.930704,54.615692,"LIMESTONE ROAD","Anti-social behaviour","BT153AL "
"2015-06",-6.335015,54.472437,"ALANHILL PARK","Anti-social behaviour","BR925BN "
"2017-12",-7.594906,54.422431,"MAIN STREET","Anti-social behaviour","BT936HW "
"2017-06",-6.949858,55.039549,"DRUMCEATT PARK","Violence and sexual offences","BT499HE "
"2017-04",-6.052099,54.511829,"RIDGEWAY STREET","Theft from the person","BT95FB "
"2016-01",-7.635161,54.470872,"CASTLE STREET","Other theft","BT307QQ "
"2016-05",-5.695707,54.654764,"LYNDHURST CRESCENT","Shoplifting","BT133XF "
"2015-03",-5.632753,54.657476,"MONTGOMERY COURT","Anti-social behaviour","BT196DS "
"2017-06",-6.053877,54.504328,"WARREN PARK","Anti-social behaviour","BT440RL "
"2016-06",-6.357663,54.373001,"CASTLEVIEW","Other crime","BT636JR "
"2015-05",-7.34522,55.029141,"UPPER GALLIAGH ROAD","Violence and sexual offences","BT488LW "
"2015-10",-6.655185,54.349964,"UPPER ENGLISH STREET","Anti-social behaviour","BT617BA "
"2017-09",-5.959461,54.592648,"THAMES STREET","Vehicle crime","BT126AP "
"2015-06",-5.923939,54.58376,"AGINCOURT AVENUE","Violence and sexual offences","BT71QD "
"2017-01",-7.648099,54.352553,"DERRIN PARK","Anti-social behaviour","BT746BW "
"2017-10",-6.70201,54.541613,"ARDNASKEA PARK","Anti-social behaviour","BT714SF "
"2016-05",-7.118245,55.030268,"BRIAR HILL","Criminal damage and arson","BT473DE "
"2016-06",-6.215475,54.733133,"GLENCRAIG MANOR","Criminal damage and arson","BT412LE "
"2017-01",-6.220035,54.731466,"ISLAY STREET","Criminal damage and arson","BT412TS "
"2015-04",-7.458778,54.512728,"BRIDGE ROAD","Violence and sexual offences","BT449EG "
"2015-07",-6.015862,54.569992,"RIVERSIDE MEWS","Other theft","BT414DX "
"2017-05",-5.864627,54.600922,"SYDENHAM AVENUE","Burglary","BT42DL "
"2016-04",-6.296611,54.460375,"GILPIN PARK","Criminal damage and arson","BT667JZ "
